Id,Id2,Geography,Total; Estimate; Population 18 to 24 years,Total; Margin of Error; Population 18 to 24 years,Male; Estimate; Population 18 to 24 years,Male; Margin of Error; Population 18 to 24 years,Female; Estimate; Population 18 to 24 years,Female; Margin of Error; Population 18 to 24 years,Total; Estimate; Less than high school graduate,Total; Margin of Error; Less than high school graduate,Male; Estimate; Less than high school graduate,Male; Margin of Error; Less than high school graduate,Female; Estimate; Less than high school graduate,Female; Margin of Error; Less than high school graduate,Total; Estimate; High school graduate (includes equivalency),Total; Margin of Error; High school graduate (includes equivalency),Male; Estimate; High school graduate (includes equivalency),Male; Margin of Error; High school graduate (includes equivalency),Female; Estimate; High school graduate (includes equivalency),Female; Margin of Error; High school graduate (includes equivalency),Total; Estimate; Some college or associate's degree,Total; Margin of Error; Some college or associate's degree,Male; Estimate; Some college or associate's degree,Male; Margin of Error; Some college or associate's degree,Female; Estimate; Some college or associate's degree,Female; Margin of Error; Some college or associate's degree,Total; Estimate; Bachelor's degree or higher,Total; Margin of Error; Bachelor's degree or higher,Male; Estimate; Bachelor's degree or higher,Male; Margin of Error; Bachelor's degree or higher,Female; Estimate; Bachelor's degree or higher,Female; Margin of Error; Bachelor's degree or higher,Total; Estimate; Population 25 years and over,Total; Margin of Error; Population 25 years and over,Male; Estimate; Population 25 years and over,Male; Margin of Error; Population 25 years and over,Female; Estimate; Population 25 years and over,Female; Margin of Error; Population 25 years and over,Total; Estimate; Population 25 years and over - Less than 9th grade,Total; Margin of Error; Population 25 years and over - Less than 9th grade,Male; Estimate; Population 25 years and over - Less than 9th grade,Male; Margin of Error; Population 25 years and over - Less than 9th grade,Female; Estimate; Population 25 years and over - Less than 9th grade,Female; Margin of Error; Population 25 years and over - Less than 9th grade,"Total; Estimate; Population 25 years and over - 9th to 12th grade, no diploma","Total; Margin of Error; Population 25 years and over - 9th to 12th grade, no diploma","Male; Estimate; Population 25 years and over - 9th to 12th grade, no diploma","Male; Margin of Error; Population 25 years and over - 9th to 12th grade, no diploma","Female; Estimate; Population 25 years and over - 9th to 12th grade, no diploma","Female; Margin of Error; Population 25 years and over - 9th to 12th grade, no diploma",Total; Estimate; Population 25 years and over - High school graduate (includes equivalency),Total; Margin of Error; Population 25 years and over - High school graduate (includes equivalency),Male; Estimate; Population 25 years and over - High school graduate (includes equivalency),Male; Margin of Error; Population 25 years and over - High school graduate (includes equivalency),Female; Estimate; Population 25 years and over - High school graduate (includes equivalency),Female; Margin of Error; Population 25 years and over - High school graduate (includes equivalency),"Total; Estimate; Population 25 years and over - Some college, no degree","Total; Margin of Error; Population 25 years and over - Some college, no degree","Male; Estimate; Population 25 years and over - Some college, no degree","Male; Margin of Error; Population 25 years and over - Some college, no degree","Female; Estimate; Population 25 years and over - Some college, no degree","Female; Margin of Error; Population 25 years and over - Some college, no degree",Total; Estimate; Population 25 years and over - Associate's degree,Total; Margin of Error; Population 25 years and over - Associate's degree,Male; Estimate; Population 25 years and over - Associate's degree,Male; Margin of Error; Population 25 years and over - Associate's degree,Female; Estimate; Population 25 years and over - Associate's degree,Female; Margin of Error; Population 25 years and over - Associate's degree,Total; Estimate; Population 25 years and over - Bachelor's degree,Total; Margin of Error; Population 25 years and over - Bachelor's degree,Male; Estimate; Population 25 years and over - Bachelor's degree,Male; Margin of Error; Population 25 years and over - Bachelor's degree,Female; Estimate; Population 25 years and over - Bachelor's degree,Female; Margin of Error; Population 25 years and over - Bachelor's degree,Total; Estimate; Population 25 years and over - Graduate or professional degree,Total; Margin of Error; Population 25 years and over - Graduate or professional degree,Male; Estimate; Population 25 years and over - Graduate or professional degree,Male; Margin of Error; Population 25 years and over - Graduate or professional degree,Female; Estimate; Population 25 years and over - Graduate or professional degree,Female; Margin of Error; Population 25 years and over - Graduate or professional degree,Total; Estimate; Percent high school graduate or higher,Total; Margin of Error; Percent high school graduate or higher,Male; Estimate; Percent high school graduate or higher,Male; Margin of Error; Percent high school graduate or higher,Female; Estimate; Percent high school graduate or higher,Female; Margin of Error; Percent high school graduate or higher,Total; Estimate; Percent bachelor's degree or higher,Total; Margin of Error; Percent bachelor's degree or higher,Male; Estimate; Percent bachelor's degree or higher,Male; Margin of Error; Percent bachelor's degree or higher,Female; Estimate; Percent bachelor's degree or higher,Female; Margin of Error; Percent bachelor's degree or higher,Total; Estimate; Population 25 to 34 years,Total; Margin of Error; Population 25 to 34 years,Male; Estimate; Population 25 to 34 years,Male; Margin of Error; Population 25 to 34 years,Female; Estimate; Population 25 to 34 years,Female; Margin of Error; Population 25 to 34 years,Total; Estimate; Population 25 to 34 years - High school graduate or higher,Total; Margin of Error; Population 25 to 34 years - High school graduate or higher,Male; Estimate; Population 25 to 34 years - High school graduate or higher,Male; Margin of Error; Population 25 to 34 years - High school graduate or higher,Female; Estimate; Population 25 to 34 years - High school graduate or higher,Female; Margin of Error; Population 25 to 34 years - High school graduate or higher,Total; Estimate; Population 25 to 34 years - Bachelor's degree or higher,Total; Margin of Error; Population 25 to 34 years - Bachelor's degree or higher,Male; Estimate; Population 25 to 34 years - Bachelor's degree or higher,Male; Margin of Error; Population 25 to 34 years - Bachelor's degree or higher,Female; Estimate; Population 25 to 34 years - Bachelor's degree or higher,Female; Margin of Error; Population 25 to 34 years - Bachelor's degree or higher,Total; Estimate; Population 35 to 44 years,Total; Margin of Error; Population 35 to 44 years,Male; Estimate; Population 35 to 44 years,Male; Margin of Error; Population 35 to 44 years,Female; Estimate; Population 35 to 44 years,Female; Margin of Error; Population 35 to 44 years,Total; Estimate; Population 35 to 44 years - High school graduate or higher,Total; Margin of Error; Population 35 to 44 years - High school graduate or higher,Male; Estimate; Population 35 to 44 years - High school graduate or higher,Male; Margin of Error; Population 35 to 44 years - High school graduate or higher,Female; Estimate; Population 35 to 44 years - High school graduate or higher,Female; Margin of Error; Population 35 to 44 years - High school graduate or higher,Total; Estimate; Population 35 to 44 years - Bachelor's degree or higher,Total; Margin of Error; Population 35 to 44 years - Bachelor's degree or higher,Male; Estimate; Population 35 to 44 years - Bachelor's degree or higher,Male; Margin of Error; Population 35 to 44 years - Bachelor's degree or higher,Female; Estimate; Population 35 to 44 years - Bachelor's degree or higher,Female; Margin of Error; Population 35 to 44 years - Bachelor's degree or higher,Total; Estimate; Population 45 to 64 years,Total; Margin of Error; Population 45 to 64 years,Male; Estimate; Population 45 to 64 years,Male; Margin of Error; Population 45 to 64 years,Female; Estimate; Population 45 to 64 years,Female; Margin of Error; Population 45 to 64 years,Total; Estimate; Population 45 to 64 years - High school graduate or higher,Total; Margin of Error; Population 45 to 64 years - High school graduate or higher,Male; Estimate; Population 45 to 64 years - High school graduate or higher,Male; Margin of Error; Population 45 to 64 years - High school graduate or higher,Female; Estimate; Population 45 to 64 years - High school graduate or higher,Female; Margin of Error; Population 45 to 64 years - High school graduate or higher,Total; Estimate; Population 45 to 64 years - Bachelor's degree or higher,Total; Margin of Error; Population 45 to 64 years - Bachelor's degree or higher,Male; Estimate; Population 45 to 64 years - Bachelor's degree or higher,Male; Margin of Error; Population 45 to 64 years - Bachelor's degree or higher,Female; Estimate; Population 45 to 64 years - Bachelor's degree or higher,Female; Margin of Error; Population 45 to 64 years - Bachelor's degree or higher,Total; Estimate; Population 65 years and over,Total; Margin of Error; Population 65 years and over,Male; Estimate; Population 65 years and over,Male; Margin of Error; Population 65 years and over,Female; Estimate; Population 65 years and over,Female; Margin of Error; Population 65 years and over,Total; Estimate; Population 65 years and over - High school graduate or higher,Total; Margin of Error; Population 65 years and over - High school graduate or higher,Male; Estimate; Population 65 years and over - High school graduate or higher,Male; Margin of Error; Population 65 years and over - High school graduate or higher,Female; Estimate; Population 65 years and over - High school graduate or higher,Female; Margin of Error; Population 65 years and over - High school graduate or higher,Total; Estimate; Population 65 years and over - Bachelor's degree or higher,Total; Margin of Error; Population 65 years and over - Bachelor's degree or higher,Male; Estimate; Population 65 years and over - Bachelor's degree or higher,Male; Margin of Error; Population 65 years and over - Bachelor's degree or higher,Female; Estimate; Population 65 years and over - Bachelor's degree or higher,Female; Margin of Error; Population 65 years and over - Bachelor's degree or higher,Total; Estimate; POVERTY RATE FOR THE POPULATION 25 YEARS AND OVER FOR WHOM POVERTY STATUS IS DETERMINED BY EDUCATIONAL ATTAINMENT LEVEL - Less than high school graduate,Total; Margin of Error; POVERTY RATE FOR THE POPULATION 25 YEARS AND OVER FOR WHOM POVERTY STATUS IS DETERMINED BY EDUCATIONAL ATTAINMENT LEVEL - Less than high school graduate,Male; Estimate; POVERTY RATE FOR THE POPULATION 25 YEARS AND OVER FOR WHOM POVERTY STATUS IS DETERMINED BY EDUCATIONAL ATTAINMENT LEVEL - Less than high school graduate,Male; Margin of Error; POVERTY RATE FOR THE POPULATION 25 YEARS AND OVER FOR WHOM POVERTY STATUS IS DETERMINED BY EDUCATIONAL ATTAINMENT LEVEL - Less than high school graduate,Female; Estimate; POVERTY RATE FOR THE POPULATION 25 YEARS AND OVER FOR WHOM POVERTY STATUS IS DETERMINED BY EDUCATIONAL ATTAINMENT LEVEL - Less than high school graduate,Female; Margin of Error; POVERTY RATE FOR THE POPULATION 25 YEARS AND OVER FOR WHOM POVERTY STATUS IS DETERMINED BY EDUCATIONAL ATTAINMENT LEVEL - Less than high school graduate,Total; Estimate; POVERTY RATE FOR THE POPULATION 25 YEARS AND OVER FOR WHOM POVERTY STATUS IS DETERMINED BY EDUCATIONAL ATTAINMENT LEVEL - High school graduate (includes equivalency),Total; Margin of Error; POVERTY RATE FOR THE POPULATION 25 YEARS AND OVER FOR WHOM POVERTY STATUS IS DETERMINED BY EDUCATIONAL ATTAINMENT LEVEL - High school graduate (includes equivalency),Male; Estimate; POVERTY RATE FOR THE POPULATION 25 YEARS AND OVER FOR WHOM POVERTY STATUS IS DETERMINED BY EDUCATIONAL ATTAINMENT LEVEL - High school graduate (includes equivalency),Male; Margin of Error; POVERTY RATE FOR THE POPULATION 25 YEARS AND OVER FOR WHOM POVERTY STATUS IS DETERMINED BY EDUCATIONAL ATTAINMENT LEVEL - High school graduate (includes equivalency),Female; Estimate; POVERTY RATE FOR THE POPULATION 25 YEARS AND OVER FOR WHOM POVERTY STATUS IS DETERMINED BY EDUCATIONAL ATTAINMENT LEVEL - High school graduate (includes equivalency),Female; Margin of Error; POVERTY RATE FOR THE POPULATION 25 YEARS AND OVER FOR WHOM POVERTY STATUS IS DETERMINED BY EDUCATIONAL ATTAINMENT LEVEL - High school graduate (includes equivalency),Total; Estimate; POVERTY RATE FOR THE POPULATION 25 YEARS AND OVER FOR WHOM POVERTY STATUS IS DETERMINED BY EDUCATIONAL ATTAINMENT LEVEL - Some college or associate's degree,Total; Margin of Error; POVERTY RATE FOR THE POPULATION 25 YEARS AND OVER FOR WHOM POVERTY STATUS IS DETERMINED BY EDUCATIONAL ATTAINMENT LEVEL - Some college or associate's degree,Male; Estimate; POVERTY RATE FOR THE POPULATION 25 YEARS AND OVER FOR WHOM POVERTY STATUS IS DETERMINED BY EDUCATIONAL ATTAINMENT LEVEL - Some college or associate's degree,Male; Margin of Error; POVERTY RATE FOR THE POPULATION 25 YEARS AND OVER FOR WHOM POVERTY STATUS IS DETERMINED BY EDUCATIONAL ATTAINMENT LEVEL - Some college or associate's degree,Female; Estimate; POVERTY RATE FOR THE POPULATION 25 YEARS AND OVER FOR WHOM POVERTY STATUS IS DETERMINED BY EDUCATIONAL ATTAINMENT LEVEL - Some college or associate's degree,Female; Margin of Error; POVERTY RATE FOR THE POPULATION 25 YEARS AND OVER FOR WHOM POVERTY STATUS IS DETERMINED BY EDUCATIONAL ATTAINMENT LEVEL - Some college or associate's degree,Total; Estimate; POVERTY RATE FOR THE POPULATION 25 YEARS AND OVER FOR WHOM POVERTY STATUS IS DETERMINED BY EDUCATIONAL ATTAINMENT LEVEL - Bachelor's degree or higher,Total; Margin of Error; POVERTY RATE FOR THE POPULATION 25 YEARS AND OVER FOR WHOM POVERTY STATUS IS DETERMINED BY EDUCATIONAL ATTAINMENT LEVEL - Bachelor's degree or higher,Male; Estimate; POVERTY RATE FOR THE POPULATION 25 YEARS AND OVER FOR WHOM POVERTY STATUS IS DETERMINED BY EDUCATIONAL ATTAINMENT LEVEL - Bachelor's degree or higher,Male; Margin of Error; POVERTY RATE FOR THE POPULATION 25 YEARS AND OVER FOR WHOM POVERTY STATUS IS DETERMINED BY EDUCATIONAL ATTAINMENT LEVEL - Bachelor's degree or higher,Female; Estimate; POVERTY RATE FOR THE POPULATION 25 YEARS AND OVER FOR WHOM POVERTY STATUS IS DETERMINED BY EDUCATIONAL ATTAINMENT LEVEL - Bachelor's degree or higher,Female; Margin of Error; POVERTY RATE FOR THE POPULATION 25 YEARS AND OVER FOR WHOM POVERTY STATUS IS DETERMINED BY EDUCATIONAL ATTAINMENT LEVEL - Bachelor's degree or higher,Total; Estimate; MEDIAN EARNINGS IN THE PAST 12 MONTHS (IN 2014 INFLATION-ADJUSTED DOLLARS) - Population 25 years and over with earnings,Total; Margin of Error; MEDIAN EARNINGS IN THE PAST 12 MONTHS (IN 2014 INFLATION-ADJUSTED DOLLARS) - Population 25 years and over with earnings,Male; Estimate; MEDIAN EARNINGS IN THE PAST 12 MONTHS (IN 2014 INFLATION-ADJUSTED DOLLARS) - Population 25 years and over with earnings,Male; Margin of Error; MEDIAN EARNINGS IN THE PAST 12 MONTHS (IN 2014 INFLATION-ADJUSTED DOLLARS) - Population 25 years and over with earnings,Female; Estimate; MEDIAN EARNINGS IN THE PAST 12 MONTHS (IN 2014 INFLATION-ADJUSTED DOLLARS) - Population 25 years and over with earnings,Female; Margin of Error; MEDIAN EARNINGS IN THE PAST 12 MONTHS (IN 2014 INFLATION-ADJUSTED DOLLARS) - Population 25 years and over with earnings,Total; Estimate; MEDIAN EARNINGS IN THE PAST 12 MONTHS (IN 2014 INFLATION-ADJUSTED DOLLARS) - Population 25 years and over with earnings - Less than high school graduate,Total; Margin of Error; MEDIAN EARNINGS IN THE PAST 12 MONTHS (IN 2014 INFLATION-ADJUSTED DOLLARS) - Population 25 years and over with earnings - Less than high school graduate,Male; Estimate; MEDIAN EARNINGS IN THE PAST 12 MONTHS (IN 2014 INFLATION-ADJUSTED DOLLARS) - Population 25 years and over with earnings - Less than high school graduate,Male; Margin of Error; MEDIAN EARNINGS IN THE PAST 12 MONTHS (IN 2014 INFLATION-ADJUSTED DOLLARS) - Population 25 years and over with earnings - Less than high school graduate,Female; Estimate; MEDIAN EARNINGS IN THE PAST 12 MONTHS (IN 2014 INFLATION-ADJUSTED DOLLARS) - Population 25 years and over with earnings - Less than high school graduate,Female; Margin of Error; MEDIAN EARNINGS IN THE PAST 12 MONTHS (IN 2014 INFLATION-ADJUSTED DOLLARS) - Population 25 years and over with earnings - Less than high school graduate,Total; Estimate; MEDIAN EARNINGS IN THE PAST 12 MONTHS (IN 2014 INFLATION-ADJUSTED DOLLARS) - Population 25 years and over with earnings - High school graduate (includes equivalency),Total; Margin of Error; MEDIAN EARNINGS IN THE PAST 12 MONTHS (IN 2014 INFLATION-ADJUSTED DOLLARS) - Population 25 years and over with earnings - High school graduate (includes equivalency),Male; Estimate; MEDIAN EARNINGS IN THE PAST 12 MONTHS (IN 2014 INFLATION-ADJUSTED DOLLARS) - Population 25 years and over with earnings - High school graduate (includes equivalency),Male; Margin of Error; MEDIAN EARNINGS IN THE PAST 12 MONTHS (IN 2014 INFLATION-ADJUSTED DOLLARS) - Population 25 years and over with earnings - High school graduate (includes equivalency),Female; Estimate; MEDIAN EARNINGS IN THE PAST 12 MONTHS (IN 2014 INFLATION-ADJUSTED DOLLARS) - Population 25 years and over with earnings - High school graduate (includes equivalency),Female; Margin of Error; MEDIAN EARNINGS IN THE PAST 12 MONTHS (IN 2014 INFLATION-ADJUSTED DOLLARS) - Population 25 years and over with earnings - High school graduate (includes equivalency),Total; Estimate; MEDIAN EARNINGS IN THE PAST 12 MONTHS (IN 2014 INFLATION-ADJUSTED DOLLARS) - Population 25 years and over with earnings - Some college or associate's degree,Total; Margin of Error; MEDIAN EARNINGS IN THE PAST 12 MONTHS (IN 2014 INFLATION-ADJUSTED DOLLARS) - Population 25 years and over with earnings - Some college or associate's degree,Male; Estimate; MEDIAN EARNINGS IN THE PAST 12 MONTHS (IN 2014 INFLATION-ADJUSTED DOLLARS) - Population 25 years and over with earnings - Some college or associate's degree,Male; Margin of Error; MEDIAN EARNINGS IN THE PAST 12 MONTHS (IN 2014 INFLATION-ADJUSTED DOLLARS) - Population 25 years and over with earnings - Some college or associate's degree,Female; Estimate; MEDIAN EARNINGS IN THE PAST 12 MONTHS (IN 2014 INFLATION-ADJUSTED DOLLARS) - Population 25 years and over with earnings - Some college or associate's degree,Female; Margin of Error; MEDIAN EARNINGS IN THE PAST 12 MONTHS (IN 2014 INFLATION-ADJUSTED DOLLARS) - Population 25 years and over with earnings - Some college or associate's degree,Total; Estimate; MEDIAN EARNINGS IN THE PAST 12 MONTHS (IN 2014 INFLATION-ADJUSTED DOLLARS) - Population 25 years and over with earnings - Bachelor's degree,Total; Margin of Error; MEDIAN EARNINGS IN THE PAST 12 MONTHS (IN 2014 INFLATION-ADJUSTED DOLLARS) - Population 25 years and over with earnings - Bachelor's degree,Male; Estimate; MEDIAN EARNINGS IN THE PAST 12 MONTHS (IN 2014 INFLATION-ADJUSTED DOLLARS) - Population 25 years and over with earnings - Bachelor's degree,Male; Margin of Error; MEDIAN EARNINGS IN THE PAST 12 MONTHS (IN 2014 INFLATION-ADJUSTED DOLLARS) - Population 25 years and over with earnings - Bachelor's degree,Female; Estimate; MEDIAN EARNINGS IN THE PAST 12 MONTHS (IN 2014 INFLATION-ADJUSTED DOLLARS) - Population 25 years and over with earnings - Bachelor's degree,Female; Margin of Error; MEDIAN EARNINGS IN THE PAST 12 MONTHS (IN 2014 INFLATION-ADJUSTED DOLLARS) - Population 25 years and over with earnings - Bachelor's degree,Total; Estimate; MEDIAN EARNINGS IN THE PAST 12 MONTHS (IN 2014 INFLATION-ADJUSTED DOLLARS) - Population 25 years and over with earnings - Graduate or professional degree,Total; Margin of Error; MEDIAN EARNINGS IN THE PAST 12 MONTHS (IN 2014 INFLATION-ADJUSTED DOLLARS) - Population 25 years and over with earnings - Graduate or professional degree,Male; Estimate; MEDIAN EARNINGS IN THE PAST 12 MONTHS (IN 2014 INFLATION-ADJUSTED DOLLARS) - Population 25 years and over with earnings - Graduate or professional degree,Male; Margin of Error; MEDIAN EARNINGS IN THE PAST 12 MONTHS (IN 2014 INFLATION-ADJUSTED DOLLARS) - Population 25 years and over with earnings - Graduate or professional degree,Female; Estimate; MEDIAN EARNINGS IN THE PAST 12 MONTHS (IN 2014 INFLATION-ADJUSTED DOLLARS) - Population 25 years and over with earnings - Graduate or professional degree,Female; Margin of Error; MEDIAN EARNINGS IN THE PAST 12 MONTHS (IN 2014 INFLATION-ADJUSTED DOLLARS) - Population 25 years and over with earnings - Graduate or professional degree,Total; Estimate; PERCENT IMPUTED - Educational attainment,Total; Margin of Error; PERCENT IMPUTED - Educational attainment,Male; Estimate; PERCENT IMPUTED - Educational attainment,Male; Margin of Error; PERCENT IMPUTED - Educational attainment,Female; Estimate; PERCENT IMPUTED - Educational attainment,Female; Margin of Error; PERCENT IMPUTED - Educational attainment
0500000US06001,06001,"Alameda County, California",148347,471,74481,483,73866,159,11.5,1.4,11.9,2.2,11.2,1.6,24.1,1.8,26.5,3.1,21.7,2.7,49.8,2.5,47.8,3.6,51.8,3.2,14.6,1.9,13.8,2.7,15.4,2.2,1117677,471,538775,483,578902,158,7.0,0.4,6.4,0.5,7.7,0.5,6.0,0.4,6.3,0.6,5.7,0.4,18.4,0.6,19.0,0.8,17.9,0.8,18.8,0.7,19.3,0.8,18.4,0.8,6.9,0.4,6.1,0.5,7.7,0.5,24.6,0.6,23.7,0.9,25.4,0.8,18.2,0.6,19.2,0.8,17.3,0.7,86.9,0.5,87.3,0.8,86.6,0.6,42.8,0.7,42.9,1.0,42.7,0.9,256936,502,127445,483,129491,210,90.0,1.1,88.6,1.7,91.3,1.2,48.6,1.6,44.9,2.3,52.3,1.9,239675,722,118783,361,120892,540,87.8,1.3,86.4,1.7,89.2,1.4,49.4,1.5,47.2,2.0,51.6,1.9,420141,791,205048,362,215093,635,87.2,0.9,88.2,1.1,86.4,1.0,39.9,1.1,41.0,1.5,38.8,1.5,200925,355,87499,*****,113426,355,81.4,1.4,84.6,1.6,78.9,1.7,33.4,1.3,38.8,2.1,29.3,1.7,25.9,2.1,20.7,2.4,30.4,2.7,12.6,1.2,10.3,1.6,14.9,1.7,9.4,0.9,8.3,1.1,10.4,1.3,4.7,0.4,4.7,0.6,4.7,0.7,45584,901,51489,596,39616,1720,21662,1038,26573,1616,15762,1122,31034,776,35539,2774,25585,1907,38446,2729,43456,4887,34976,2503,60083,2977,71703,1792,50817,968,85664,3489,102275,3916,63408,3453,6.9,(X),(X),(X),(X),(X)
0500000US06007,06007,"Butte County, California",34222,812,16824,498,17398,545,7.1,2.7,10.3,4.4,4.0,2.5,22.3,4.0,26.0,6.3,18.7,4.7,63.2,5.2,56.7,8.3,69.6,5.9,7.4,2.5,7.0,4.6,7.7,2.9,144423,811,71072,544,73351,534,4.3,0.8,4.4,1.2,4.3,1.1,7.2,1.2,7.2,1.5,7.2,1.5,23.7,2.0,23.0,2.7,24.5,2.3,27.4,1.9,28.1,2.9,26.6,2.4,10.3,1.3,9.8,1.8,10.9,1.6,17.7,1.7,17.1,2.2,18.2,2.3,9.4,1.4,10.4,1.9,8.4,1.6,88.5,1.3,88.4,1.8,88.6,1.7,27.1,2.2,27.5,2.7,26.6,2.6,28846,974,15675,574,13171,662,90.4,2.5,90.2,3.6,90.7,4.5,21.7,3.8,19.0,5.4,24.8,5.1,23208,667,12253,551,10955,355,86.5,3.6,84.9,5.4,88.2,4.6,33.1,5.8,30.3,6.2,36.1,7.8,54314,723,25908,582,28406,477,90.8,2.1,89.2,2.9,92.3,2.8,26.4,3.7,26.5,4.6,26.2,4.4,38055,341,17236,265,20819,273,84.9,2.6,88.1,2.8,82.3,3.6,28.5,3.7,34.7,5.0,23.4,4.2,34.9,7.4,24.5,7.5,45.2,9.9,19.4,3.8,20.3,5.6,18.5,5.1,16.9,3.0,15.9,4.2,17.8,3.7,6.8,2.0,6.0,2.7,7.6,2.3,31066,1468,35891,2860,25473,3070,16760,3952,24095,3838,10899,3473,24871,4688,33102,11295,18104,4803,25830,2215,30647,4556,21090,2153,41997,4364,55819,13366,37040,6903,62157,7613,85514,19315,55586,18105,8.3,(X),(X),(X),(X),(X)
0500000US06013,06013,"Contra Costa County, California",95495,434,48777,332,46718,366,13.3,1.7,13.8,2.7,12.9,2.4,28.1,2.5,32.2,3.8,23.7,3.5,48.4,2.8,43.9,4.2,53.1,4.2,10.2,1.7,10.2,2.4,10.3,2.4,755411,435,360011,355,395400,481,5.9,0.5,5.9,0.7,5.9,0.6,5.3,0.5,6.0,0.8,4.6,0.6,19.0,0.9,20.7,1.2,17.5,1.1,21.9,0.9,20.6,1.0,23.2,1.3,8.2,0.6,6.9,0.6,9.4,0.8,25.5,0.9,25.0,1.2,26.0,1.0,14.2,0.6,15.0,0.9,13.5,0.8,88.8,0.7,88.0,0.9,89.5,0.9,39.7,1.0,39.9,1.2,39.5,1.2,139841,614,69521,332,70320,536,89.4,1.8,87.6,2.6,91.1,1.9,38.0,2.3,33.5,3.2,42.4,3.1,150067,592,73064,315,77003,558,87.0,1.5,86.0,2.0,88.1,1.9,43.9,2.3,43.2,2.9,44.6,2.7,307563,538,148712,437,158851,475,89.5,1.0,88.3,1.4,90.6,1.1,38.9,1.6,38.6,2.0,39.3,1.8,157940,358,68714,199,89226,333,88.7,1.2,90.2,1.6,87.6,1.7,38.7,2.0,45.7,2.4,33.2,2.6,22.8,3.1,20.9,4.1,24.9,3.7,12.1,1.5,11.4,1.9,12.8,2.2,8.2,1.1,6.9,1.4,9.2,1.6,3.6,0.6,2.9,0.7,4.3,0.8,47787,1850,54915,3305,40662,1306,22449,1570,26199,1765,15325,2505,30676,972,34066,4045,25887,2022,43372,3197,51527,1862,36945,2405,65388,3637,81993,2507,53060,2525,88750,5893,121595,9266,68546,6572,8.1,(X),(X),(X),(X),(X)
0500000US06017,06017,"El Dorado County, California",15044,950,8210,774,6834,506,13.6,5.7,11.5,7.5,16.2,8.9,46.2,7.6,55.4,11.3,35.1,11.2,35.4,6.7,26.9,7.7,45.6,11.6,4.8,2.9,6.2,4.8,3.1,3.0,129762,883,63820,773,65942,603,3.2,0.9,3.5,1.1,2.9,1.0,5.7,1.8,6.8,3.2,4.7,1.3,22.9,2.2,22.9,2.8,23.0,3.0,27.0,1.8,24.7,2.6,29.1,2.5,10.1,1.1,8.2,1.4,11.9,2.0,19.3,1.9,21.9,2.8,16.8,2.2,11.7,1.2,11.9,1.8,11.6,1.5,91.1,2.0,89.7,3.3,92.4,1.7,31.1,2.1,33.8,3.1,28.4,2.5,17926,985,9320,627,8606,575,83.8,7.5,80.0,12.5,87.9,6.2,26.9,6.4,19.6,7.8,34.9,9.3,20524,845,10107,736,10417,474,93.1,3.8,91.1,6.7,95.1,3.1,36.7,6.0,35.1,8.1,38.2,7.4,58340,871,28435,691,29905,506,93.4,1.9,90.2,3.7,96.5,1.5,32.1,3.1,35.6,4.0,28.7,3.7,32972,507,15958,224,17014,396,89.6,3.1,93.5,2.8,85.8,4.6,28.0,3.7,38.2,5.9,18.4,4.1,26.3,13.3,38.6,19.4,10.8,9.5,14.4,4.5,10.0,4.6,18.6,6.9,10.9,2.5,9.8,3.3,11.7,3.2,4.0,1.5,3.8,1.8,4.2,2.3,40615,2404,51597,2547,31979,2145,22264,7089,24298,14969,20490,12033,31192,1905,32109,6912,27083,10560,31901,2848,45496,11662,26634,3642,70602,10522,90823,11407,41268,18145,71780,8840,102999,24563,55818,3677,8.4,(X),(X),(X),(X),(X)
0500000US06019,06019,"Fresno County, California",106285,333,54293,268,51992,367,17.0,2.0,19.2,3.1,14.6,2.7,26.8,3.2,29.5,4.5,24.0,3.5,50.4,3.1,46.6,4.5,54.4,3.9,5.8,1.2,4.6,1.6,7.0,1.8,580815,458,285896,435,294919,369,14.8,0.7,15.1,1.0,14.4,0.8,11.6,0.6,12.5,1.0,10.8,0.8,23.2,0.9,24.7,1.2,21.8,1.3,22.1,0.8,21.1,1.1,23.2,1.1,8.6,0.5,7.1,0.6,10.0,0.9,13.2,0.7,12.6,1.0,13.8,1.0,6.4,0.5,6.9,0.6,6.0,0.6,73.6,0.9,72.4,1.3,74.7,1.0,19.7,0.9,19.5,1.2,19.8,1.1,143394,386,73655,275,69739,398,79.3,1.9,76.7,2.5,82.0,2.5,16.3,1.6,12.7,2.2,20.2,2.3,117177,428,59058,266,58119,345,70.6,2.2,69.3,2.7,71.9,3.0,19.5,1.9,18.2,2.5,20.9,2.4,211799,501,104741,363,107058,338,73.6,1.8,72.9,2.4,74.3,2.2,21.3,1.4,22.1,1.8,20.4,1.9,108445,302,48442,181,60003,154,69.4,1.8,68.8,2.4,69.8,2.4,21.0,1.7,25.8,2.5,17.2,2.2,38.2,3.0,36.0,3.7,40.4,3.3,22.3,2.2,17.8,2.4,27.1,3.5,15.4,1.6,14.2,2.1,16.4,2.0,5.0,1.3,5.2,1.9,4.8,1.3,28406,1164,31400,632,24486,1461,16157,900,19043,2143,11858,1031,25321,1102,27462,2192,18522,2025,30817,975,37458,3864,25782,1285,51640,1478,56978,5445,48974,3741,67044,3367,73283,5310,59884,8620,7.8,(X),(X),(X),(X),(X)
0500000US06023,06023,"Humboldt County, California",17357,510,8580,281,8777,408,9.8,3.9,14.1,5.9,5.7,3.5,30.5,4.6,33.0,8.4,28.0,7.0,52.1,5.7,42.9,9.7,61.0,7.6,7.6,3.9,10.0,6.4,5.3,4.1,91258,646,45255,525,46003,605,2.8,0.9,2.7,1.1,2.9,1.2,6.4,1.5,8.1,2.4,4.8,1.6,26.0,2.5,25.1,3.0,26.9,3.2,27.9,2.5,28.3,3.3,27.5,3.2,8.9,1.5,9.4,2.6,8.5,1.9,18.5,2.2,16.9,2.6,20.0,2.9,9.4,1.3,9.3,1.6,9.5,1.8,90.8,1.5,89.2,2.6,92.3,1.8,27.9,2.5,26.3,3.1,29.5,3.4,18730,1141,9805,621,8925,842,92.9,3.3,87.9,5.8,98.4,1.9,24.8,7.0,18.2,6.3,32.0,10.0,16146,902,8281,706,7865,656,92.7,3.3,93.2,4.3,92.2,4.8,31.0,7.1,25.4,8.8,36.9,9.9,36055,794,18078,625,17977,541,90.9,2.5,90.0,3.4,91.9,3.2,26.3,3.7,26.0,5.1,26.5,4.0,20327,439,9091,275,11236,290,86.9,4.0,85.2,6.6,88.3,4.4,31.2,4.4,36.2,7.0,27.2,5.5,23.9,8.1,20.4,10.3,28.6,10.7,17.0,3.8,17.8,5.6,16.2,4.9,17.2,3.5,16.0,4.2,18.4,4.4,13.3,3.1,12.1,4.6,14.4,4.1,25418,1648,30938,2372,21885,1863,17606,7473,21674,7809,4786,7232,25256,2614,31529,5647,21004,4685,25900,3300,29039,4012,22878,4114,24135,5614,33040,9257,21205,5122,42270,15995,50238,21023,41034,20629,9.1,(X),(X),(X),(X),(X)
0500000US06025,06025,"Imperial County, California",20710,731,11367,531,9343,765,19.4,4.2,20.6,5.3,17.8,7.5,31.1,9.7,30.2,8.9,32.3,14.5,47.1,9.3,47.4,8.9,46.7,13.9,2.4,1.7,1.9,1.7,3.1,3.0,107270,732,53283,660,53987,749,19.3,1.9,18.2,2.3,20.4,2.6,13.4,1.6,13.8,2.3,13.1,2.7,22.1,2.2,25.2,2.9,19.0,2.8,24.9,2.9,22.3,3.2,27.5,4.1,5.5,1.2,6.0,1.8,5.1,1.5,10.5,1.8,9.2,2.1,11.7,2.9,4.3,1.1,5.4,1.6,3.3,1.3,67.3,2.5,68.0,3.1,66.5,3.4,14.8,2.3,14.6,2.4,15.0,3.3,24695,806,13221,499,11474,687,83.0,3.7,80.1,5.6,86.3,4.9,18.2,5.6,16.4,6.2,20.2,9.4,22008,675,11188,320,10820,535,77.7,4.2,74.6,6.0,80.9,6.4,16.2,4.2,13.2,5.0,19.4,6.6,38883,670,19146,394,19737,521,67.7,4.5,68.1,5.8,67.4,6.5,14.6,3.4,15.4,4.2,13.7,4.3,21684,345,9728,244,11956,285,38.0,4.1,43.9,6.0,33.3,5.4,10.0,3.6,12.1,5.2,8.2,4.1,25.6,5.3,19.9,7.2,30.2,6.5,20.4,6.0,15.4,7.2,25.9,8.1,16.6,4.5,16.8,6.4,16.4,5.9,11.6,5.2,12.4,8.3,10.9,6.4,26546,1395,31697,2794,23271,2517,17201,4878,24519,5022,11824,1341,25066,4288,30470,4611,15935,10981,27482,3331,37341,8878,25947,1174,46414,12909,70148,33421,31834,16186,73938,24360,90707,31064,69857,28389,9.3,(X),(X),(X),(X),(X)
0500000US06029,06029,"Kern County, California",96886,475,51828,249,45058,395,19.8,2.3,22.6,3.4,16.6,3.4,38.9,2.7,44.6,3.4,32.3,4.1,36.5,2.9,29.3,3.3,44.8,4.9,4.8,1.1,3.4,1.1,6.3,1.8,520351,611,265760,333,254591,524,13.9,0.8,14.2,1.1,13.7,1.1,11.5,0.8,12.5,1.0,10.5,1.1,27.7,1.4,28.9,1.8,26.4,1.7,24.7,1.1,23.9,1.5,25.6,1.6,6.7,0.6,6.0,0.8,7.4,0.8,10.5,0.8,9.6,0.8,11.5,1.1,4.9,0.5,4.8,0.6,4.9,0.7,74.5,1.1,73.3,1.3,75.8,1.3,15.4,0.9,14.4,1.0,16.5,1.3,131202,398,71219,237,59983,342,81.2,2.0,78.2,2.9,84.8,2.5,14.2,1.9,11.2,2.2,17.9,2.9,109962,790,58101,757,51861,317,73.0,2.2,73.2,2.7,72.8,3.0,16.0,1.8,15.0,2.3,17.2,2.4,192701,855,96958,849,95743,329,71.9,1.6,70.0,2.5,73.9,2.0,15.4,1.2,14.8,1.5,16.0,1.7,86486,457,39482,327,47004,239,72.2,2.2,72.9,2.4,71.6,2.8,16.5,2.2,18.5,3.2,14.8,2.6,32.3,2.7,27.6,3.5,37.1,3.1,20.4,2.3,17.4,2.9,23.5,2.9,16.4,2.1,12.5,2.1,19.8,2.9,4.3,1.3,3.7,1.4,4.7,2.0,30818,743,36447,1086,23688,2306,16841,632,21829,1430,11499,737,30435,1290,35080,2915,22041,3144,33927,3725,46408,2752,24581,2604,59195,4517,67062,7703,48780,5330,71361,4600,75070,14192,70413,3863,7.6,(X),(X),(X),(X),(X)
0500000US06031,06031,"Kings County, California",18674,1443,10661,994,8013,644,16.3,5.1,18.8,6.2,13.1,6.4,28.7,8.0,31.9,12.1,24.6,8.8,52.5,9.1,47.3,12.8,59.3,11.0,2.5,1.7,2.0,1.6,3.1,3.6,90211,1443,51557,989,38654,682,14.6,1.8,15.0,2.3,14.1,2.8,13.4,1.5,16.4,2.5,9.4,2.1,24.9,2.4,24.9,3.2,25.0,3.4,27.2,2.4,26.0,2.6,28.7,4.2,8.4,1.6,7.5,1.9,9.7,2.4,8.2,1.5,7.3,1.5,9.5,2.4,3.3,0.9,3.0,1.1,3.6,1.3,72.0,2.3,68.7,3.1,76.5,3.2,11.5,1.7,10.2,1.9,13.1,2.7,24072,835,14356,571,9716,517,76.4,4.7,73.5,5.3,80.7,7.9,12.1,3.4,8.7,3.0,17.1,5.8,19575,622,11735,459,7840,361,77.0,3.7,71.8,4.9,84.7,5.6,8.4,2.9,5.5,2.7,12.7,5.5,33233,1035,19349,982,13884,446,68.2,4.0,64.3,5.2,73.6,5.7,11.6,2.5,11.9,3.3,11.2,3.6,13331,389,6117,304,7214,225,66.5,4.7,65.1,6.8,67.7,5.4,14.6,3.9,17.6,6.4,12.0,4.8,36.0,7.4,30.9,9.5,41.5,8.1,26.2,8.2,23.7,10.8,28.7,9.4,14.6,4.2,12.5,5.6,16.6,5.2,4.5,2.8,3.3,3.6,5.6,4.4,30993,1075,33879,3966,25616,2919,18686,4078,22382,4806,10705,4969,25558,3276,27455,5717,22403,5893,35192,2613,42037,7882,30904,2425,55467,12554,64063,18618,39773,15750,65211,19890,88047,11753,54875,7351,6.2,(X),(X),(X),(X),(X)
0500000US06033,06033,"Lake County, California",4819,648,2621,555,2198,509,28.4,14.3,38.5,22.0,16.4,14.6,29.6,14.1,26.8,19.0,33.0,18.5,42.0,12.8,34.7,12.7,50.6,21.7,0.0,3.4,0.0,6.1,0.0,7.2,46292,656,22709,606,23583,532,6.3,2.1,6.6,3.0,6.0,2.8,10.8,2.4,10.3,2.8,11.3,3.6,28.3,3.4,30.2,5.0,26.4,4.7,24.1,2.8,22.5,4.2,25.6,4.0,12.8,2.5,11.7,3.9,13.9,3.0,10.5,2.3,11.8,3.5,9.3,3.5,7.2,1.8,7.0,2.6,7.3,2.4,82.9,3.0,83.2,3.6,82.7,4.7,17.7,2.9,18.8,4.1,16.7,4.2,7917,722,4487,796,3430,463,80.1,8.0,76.1,11.3,85.5,8.7,4.7,4.7,3.9,4.5,5.7,6.5,6147,556,2765,346,3382,471,75.2,12.0,75.5,12.1,74.9,16.0,6.2,5.3,4.6,5.8,7.6,8.2,19525,661,9286,593,10239,415,84.8,4.0,84.8,6.0,84.9,6.6,22.4,4.4,21.9,8.0,22.9,5.7,12703,466,6171,317,6532,306,85.4,5.1,89.3,5.2,81.7,8.2,24.2,5.7,31.3,8.0,17.4,7.7,38.6,8.8,28.8,11.3,47.5,11.4,19.7,6.6,19.1,8.3,20.3,8.3,17.4,4.9,13.5,5.9,20.6,6.3,14.8,7.0,21.9,12.0,7.2,6.2,24829,2960,25651,4479,24028,3236,16467,5681,17333,7463,13311,8556,23193,3354,25750,5913,18529,4977,29304,6002,30146,16154,28398,6434,21210,15894,33333,55974,20161,15038,56417,10772,62121,11834,53098,8497,20.1,(X),(X),(X),(X),(X)
0500000US06037,06037,"Los Angeles County, California",1061875,*****,537382,*****,524493,*****,14.0,0.5,16.3,0.7,11.6,0.7,26.8,0.6,29.2,0.9,24.3,0.8,49.6,0.8,46.4,1.2,52.8,1.0,9.7,0.5,8.0,0.6,11.3,0.7,6751214,*****,3268863,*****,3482351,*****,13.5,0.2,12.9,0.3,14.0,0.2,9.1,0.2,9.6,0.3,8.6,0.2,20.8,0.2,21.2,0.3,20.5,0.3,19.5,0.2,19.5,0.3,19.6,0.3,6.8,0.2,6.2,0.2,7.2,0.2,19.9,0.3,19.8,0.3,20.0,0.3,10.4,0.2,10.8,0.3,10.1,0.2,77.5,0.2,77.5,0.4,77.4,0.2,30.3,0.3,30.6,0.4,30.1,0.4,1574478,*****,801861,*****,772617,*****,85.3,0.5,83.9,0.7,86.8,0.5,34.5,0.6,31.4,0.7,37.7,0.8,1408930,*****,701185,*****,707745,*****,78.3,0.5,76.7,0.8,79.9,0.6,31.9,0.6,30.2,0.9,33.7,0.9,2534797,*****,1234917,*****,1299880,*****,75.2,0.4,75.5,0.6,74.9,0.4,28.5,0.4,29.2,0.5,27.8,0.5,1233009,*****,530900,*****,702109,*****,71.1,0.6,73.8,0.8,69.0,0.6,26.9,0.6,33.0,1.0,22.2,0.7,27.3,0.8,23.8,1.0,30.6,0.9,17.9,0.6,15.6,0.8,20.2,0.8,11.8,0.5,10.1,0.6,13.3,0.7,6.7,0.3,6.2,0.4,7.2,0.4,32537,504,36507,322,30397,253,18597,299,21239,282,15239,325,26049,407,30195,466,22060,435,34387,1057,39522,1362,30554,425,50976,396,57950,3144,45732,837,71596,830,81838,1549,63003,2387,9.8,(X),(X),(X),(X),(X)
0500000US06039,06039,"Madera County, California",16304,1152,7776,524,8528,1231,22.2,6.6,29.4,9.2,15.5,7.1,32.7,8.1,27.3,8.7,37.7,12.3,43.7,7.6,42.3,10.4,44.9,12.2,1.5,1.4,1.1,1.5,1.8,2.0,95615,1126,44329,815,51286,1000,18.2,2.6,22.1,3.5,14.8,2.7,10.4,2.0,11.1,2.8,9.8,2.5,27.0,2.8,22.9,3.7,30.6,3.4,25.0,2.7,23.2,3.0,26.4,3.3,7.2,1.3,7.0,2.1,7.4,1.7,8.1,1.5,9.6,2.3,6.9,1.9,4.1,0.9,4.1,1.3,4.0,1.2,71.4,2.8,66.8,4.0,75.4,3.0,12.2,1.8,13.7,2.5,10.9,2.3,20524,751,8943,474,11581,539,65.2,6.9,59.6,9.4,69.5,7.8,7.8,3.7,3.9,3.0,10.8,5.8,20319,1125,9267,603,11052,911,69.4,6.0,65.0,8.3,73.1,7.2,13.1,4.0,15.4,6.0,11.1,4.8,35132,790,16862,678,18270,397,73.9,4.3,69.0,6.9,78.4,4.9,11.7,3.2,14.3,4.6,9.3,3.4,19640,547,9257,374,10383,268,75.5,4.9,71.6,7.4,79.1,4.3,16.8,3.7,20.3,5.8,13.8,4.2,24.7,7.2,22.7,9.1,27.4,7.5,21.9,5.6,22.6,8.2,21.3,6.5,10.6,3.6,10.9,4.8,10.4,4.5,6.6,4.7,6.9,7.8,6.2,4.4,23412,2906,28300,5092,19728,2944,18315,1140,19561,1360,12255,2897,22398,2771,30252,13025,21681,2401,30929,2448,37093,9006,19521,8230,41862,17468,50430,33656,36863,24047,68229,20353,81825,45913,56685,27364,7.3,(X),(X),(X),(X),(X)
0500000US06041,06041,"Marin County, California",16680,570,8975,466,7705,350,13.3,4.1,18.1,6.3,7.6,4.9,30.4,6.5,38.1,9.1,21.3,8.4,40.4,6.9,33.9,9.1,47.8,10.0,16.0,4.4,9.8,4.5,23.3,7.4,190190,693,91334,621,98856,660,3.6,0.9,3.6,1.1,3.6,0.9,4.1,0.9,5.4,1.4,2.9,0.9,12.6,1.3,13.0,1.9,12.3,1.7,17.5,1.4,17.5,2.0,17.4,2.0,7.0,1.1,6.3,2.0,7.6,1.5,29.6,1.6,27.9,1.8,31.2,2.4,25.6,1.7,26.2,2.2,25.0,2.1,92.3,1.2,91.0,1.7,93.6,1.2,55.2,1.9,54.1,2.6,56.2,2.3,23482,536,12232,550,11250,341,86.1,3.4,83.0,5.4,89.5,4.4,41.2,5.3,37.9,6.3,44.9,6.1,34314,970,17365,925,16949,251,89.6,3.1,85.7,4.9,93.6,2.9,55.0,4.2,47.9,5.6,62.3,5.5,82439,1225,39955,1174,42484,503,94.3,1.5,92.8,2.2,95.6,1.7,58.8,3.3,55.5,4.6,61.9,4.1,49955,671,21782,573,28173,314,93.9,1.5,96.3,1.8,92.0,2.2,56.0,3.4,65.6,5.5,48.7,4.0,27.2,8.5,24.1,12.4,30.8,8.4,11.1,4.3,13.2,5.6,9.0,4.9,7.5,1.8,8.0,2.9,7.1,2.6,4.8,1.4,3.9,1.8,5.5,2.0,51680,1772,61639,4007,47135,3351,20423,2234,22451,4017,14624,1846,31544,3489,33906,6887,30243,4451,41563,3005,49212,7791,37540,4768,70446,11915,82780,22246,57072,5663,90154,10991,106977,17144,67659,13483,9.6,(X),(X),(X),(X),(X)
0500000US06045,06045,"Mendocino County, California",6818,801,3669,488,3149,482,13.0,7.6,15.0,10.2,10.7,8.8,41.5,11.7,56.0,17.0,24.7,13.7,40.1,10.4,20.5,14.4,63.0,15.6,5.3,6.4,8.5,11.7,1.6,2.5,61816,800,30399,593,31417,466,6.7,1.4,6.8,2.2,6.6,1.9,7.2,1.9,8.1,2.9,6.4,2.1,28.5,2.7,29.4,4.4,27.7,3.6,25.5,2.8,22.7,3.7,28.2,4.1,8.0,1.9,8.1,2.4,7.9,2.6,17.1,2.4,17.0,3.1,17.1,3.4,7.0,1.8,7.9,2.6,6.1,1.9,86.1,2.3,85.1,3.0,87.0,2.6,24.0,2.7,24.9,3.7,23.2,3.8,10264,821,5317,518,4947,479,89.9,4.3,86.8,6.8,93.2,3.9,17.6,6.2,17.5,9.0,17.6,7.8,10471,896,5415,539,5056,497,77.9,7.8,72.5,10.1,83.6,10.1,16.6,5.7,16.1,8.8,17.2,8.6,24105,983,11736,603,12369,570,89.0,3.3,88.7,4.6,89.3,3.8,22.6,4.1,24.9,5.6,20.3,5.0,16976,460,7931,368,9045,212,84.7,4.5,87.3,6.1,82.4,5.8,34.6,6.1,35.9,7.7,33.5,7.5,23.5,10.0,21.4,12.6,25.8,12.6,20.0,5.6,17.9,7.3,22.2,7.7,16.7,4.3,13.1,6.7,19.6,5.9,5.4,3.0,2.6,2.9,8.4,5.2,28306,4263,31397,1210,22833,4423,20015,7251,22104,3235,12426,4291,29119,4903,31365,1748,20325,9182,30025,5041,34682,5038,23155,4680,32003,5950,40233,15555,27476,12798,37294,21950,19733,16277,56137,13547,10.6,(X),(X),(X),(X),(X)
0500000US06047,06047,"Merced County, California",31372,704,16138,366,15234,534,15.7,3.5,16.7,4.7,14.6,4.1,28.7,4.5,36.3,5.7,20.7,6.4,51.4,5.4,44.3,5.9,59.0,7.5,4.2,1.9,2.7,2.0,5.8,3.1,155212,741,77359,450,77853,594,18.8,1.9,20.2,2.6,17.3,2.0,10.9,1.4,12.5,2.2,9.4,1.5,26.5,1.9,28.4,2.8,24.5,2.5,22.8,1.4,20.5,1.9,25.0,2.6,7.2,1.1,5.9,1.4,8.4,1.9,9.1,1.2,7.9,1.7,10.3,1.8,4.8,0.9,4.5,1.4,5.0,1.1,70.3,2.0,67.3,2.9,73.3,2.2,13.9,1.4,12.4,1.9,15.3,1.9,37095,1019,19426,603,17669,723,78.0,3.3,74.4,5.2,82.0,4.8,14.9,2.7,12.1,4.5,18.0,3.4,33281,1119,17008,690,16273,652,69.2,4.4,62.9,5.4,75.9,6.3,12.4,2.9,10.2,3.7,14.8,3.5,56537,1248,28101,715,28436,647,66.2,3.3,64.6,4.3,67.9,3.9,13.7,2.3,12.3,3.1,15.1,3.0,28299,462,12824,272,15475,281,69.5,4.0,68.2,7.0,70.6,4.2,14.5,3.7,16.2,5.3,13.2,4.1,23.9,3.8,19.9,4.1,28.8,5.1,21.9,3.9,16.1,3.6,28.3,6.3,14.5,2.8,10.4,3.3,17.6,3.7,3.2,1.7,2.1,1.8,4.1,2.7,26726,1014,31754,1216,21321,1320,21083,1059,25006,1664,11163,1170,24506,3159,31545,4653,16915,2375,30572,2498,38221,5268,25133,2853,46647,10186,64793,21270,39733,8604,62620,10020,65153,21251,60576,13136,4.8,(X),(X),(X),(X),(X)
0500000US06053,06053,"Monterey County, California",46092,710,24063,620,22029,273,17.4,2.8,21.1,4.3,13.3,4.1,27.7,2.9,27.4,4.4,28.0,4.4,50.2,3.1,45.8,4.9,55.1,5.4,4.7,1.5,5.7,2.9,3.6,1.7,271489,627,137641,621,133848,415,18.8,1.3,20.5,1.7,17.0,1.5,10.5,1.1,11.0,1.6,10.0,1.5,22.0,1.3,21.6,1.7,22.4,1.8,17.3,1.2,17.2,1.9,17.5,1.5,8.3,0.7,7.7,1.0,9.0,1.0,13.2,1.1,12.4,1.3,13.9,1.6,9.9,0.8,9.6,1.1,10.2,1.0,70.7,1.4,68.5,1.9,73.0,2.0,23.1,1.3,22.1,1.6,24.1,1.7,63802,667,34238,525,29564,338,71.4,3.3,67.6,4.3,75.9,4.3,17.5,2.2,13.8,2.8,21.8,3.3,55891,749,29917,635,25974,366,60.8,3.2,60.2,4.0,61.5,4.8,19.1,2.2,16.0,2.5,22.7,3.8,100644,527,50754,455,49890,425,72.5,2.1,69.5,2.9,75.6,2.8,23.1,2.1,21.9,3.0,24.4,2.6,51152,377,22732,274,28420,249,77.3,2.1,78.7,3.1,76.1,2.4,34.2,2.4,42.7,3.4,27.4,3.1,22.4,3.2,17.9,3.2,27.3,4.6,13.2,2.8,10.2,3.1,15.9,4.2,9.1,1.8,7.6,2.2,10.5,2.5,4.1,1.1,4.3,1.7,4.0,1.6,28680,2293,31706,975,23430,2754,18911,1703,21457,938,15311,951,24925,1848,28702,3347,20848,2011,37398,2638,45675,3751,30807,2526,51072,2033,60634,9741,41593,7614,65515,8504,75251,11397,60999,2211,7.8,(X),(X),(X),(X),(X)
0500000US06055,06055,"Napa County, California",13071,608,6652,439,6419,661,11.0,4.2,15.3,7.1,6.7,5.2,35.1,7.2,38.7,8.9,31.3,10.2,45.7,8.6,42.0,12.0,49.4,10.4,8.2,3.3,4.0,3.4,12.6,5.9,98179,551,48021,590,50158,455,10.7,2.0,11.1,3.0,10.4,2.0,6.5,1.2,7.2,1.9,5.9,1.5,19.0,2.0,19.3,2.7,18.8,2.3,21.5,2.0,20.8,2.9,22.1,2.4,8.5,1.4,7.8,1.8,9.3,1.8,22.1,1.7,22.5,2.7,21.7,2.0,11.6,1.4,11.4,1.6,11.9,1.8,82.7,1.9,81.7,2.6,83.7,2.3,33.7,1.9,33.8,2.8,33.6,2.4,17666,587,9099,394,8567,428,80.0,4.9,78.6,7.0,81.4,7.8,31.9,4.1,27.1,5.8,37.0,4.6,17645,391,8942,345,8703,96,70.8,4.8,72.4,5.7,69.1,5.9,33.0,4.8,34.3,6.1,31.8,6.4,38237,534,18680,491,19557,440,84.4,2.6,81.3,3.7,87.3,3.1,33.7,3.0,32.2,3.9,35.0,4.1,24631,466,11300,318,13331,393,90.8,2.3,92.3,3.4,89.5,3.1,35.6,4.1,41.6,6.1,30.6,5.1,12.2,4.9,7.6,5.4,17.2,6.6,11.8,3.2,6.5,4.0,17.0,4.7,6.6,2.5,4.6,3.2,8.3,3.3,3.2,1.6,3.2,2.5,3.2,1.7,41895,2449,48807,5058,31719,2712,25583,2618,31889,2311,16681,3564,34203,3877,41605,5436,20109,5726,43682,6728,55158,9676,31288,4537,63814,9014,71411,12859,56485,8251,75027,6622,76804,23386,71712,6962,8.0,(X),(X),(X),(X),(X)
0500000US06057,06057,"Nevada County, California",6569,436,3367,364,3202,291,4.6,3.5,5.8,5.4,3.4,4.3,28.7,9.2,37.4,14.4,19.6,12.3,61.3,10.3,50.5,14.2,72.5,13.1,5.4,5.0,6.2,6.3,4.5,5.8,74529,484,36296,665,38233,524,2.4,1.2,1.6,0.9,3.2,1.7,2.4,0.8,2.9,1.2,1.9,0.9,19.4,2.4,20.0,3.6,18.8,3.3,29.5,3.3,30.9,4.1,28.2,3.6,11.1,2.0,8.1,2.2,14.0,3.3,21.3,3.0,20.7,3.6,22.0,3.7,13.9,2.4,15.8,3.1,12.1,2.8,95.2,1.4,95.5,1.4,94.9,2.0,35.2,3.8,36.5,4.4,34.0,4.4,9801,754,4946,376,4855,667,94.8,3.5,92.2,6.2,97.5,2.4,31.4,13.7,26.2,12.9,36.7,17.5,10067,566,5119,439,4948,533,90.2,5.1,93.3,4.8,87.1,8.7,33.4,9.0,27.9,11.3,39.1,13.1,31539,813,15249,591,16290,525,95.9,1.9,94.7,2.5,97.2,2.2,38.9,4.8,38.5,6.9,39.2,5.5,23122,512,10982,370,12140,363,96.5,2.2,99.1,0.8,94.1,4.0,32.7,5.1,42.3,7.1,24.0,6.0,15.1,9.2,19.5,13.7,11.4,9.2,13.2,5.7,11.3,6.4,15.0,8.0,7.4,2.6,7.2,3.7,7.5,3.1,4.7,2.7,1.2,1.2,8.2,5.0,31991,2003,36170,7753,30050,3966,24679,5536,25248,8986,24409,6620,26599,3641,32772,9301,19025,6818,29453,3976,31689,15326,27164,3042,40664,6891,52857,21786,36330,6266,53607,9506,60182,15652,41868,8636,9.4,(X),(X),(X),(X),(X)
0500000US06059,06059,"Orange County, California",314195,578,160457,426,153738,420,9.9,0.9,11.2,1.4,8.6,1.1,26.7,1.6,29.9,2.0,23.4,2.0,50.5,1.9,48.3,2.7,52.9,2.4,12.8,0.9,10.7,1.4,15.1,1.2,2109346,579,1023962,426,1085384,421,8.9,0.4,8.6,0.5,9.3,0.5,6.5,0.2,6.8,0.4,6.2,0.3,17.5,0.5,17.6,0.7,17.5,0.5,21.3,0.6,20.9,0.7,21.6,0.8,7.8,0.3,7.0,0.4,8.6,0.4,24.4,0.6,24.6,0.7,24.2,0.7,13.5,0.4,14.5,0.6,12.7,0.5,84.6,0.4,84.6,0.6,84.6,0.5,38.0,0.6,39.1,0.8,36.9,0.8,441771,935,226281,559,215490,629,88.2,1.0,87.2,1.5,89.3,1.0,39.5,1.5,35.0,1.9,44.1,1.6,426960,805,210177,409,216783,535,82.3,0.9,81.2,1.3,83.4,1.2,40.2,1.4,37.6,1.9,42.7,1.6,827263,522,405509,349,421754,358,84.1,0.6,84.4,0.8,83.9,0.8,37.7,0.9,40.2,1.1,35.3,1.1,413352,350,181995,279,231357,265,83.9,0.8,85.9,1.0,82.4,1.1,34.5,1.1,43.2,1.7,27.8,1.3,22.8,1.7,20.6,1.9,24.8,2.0,13.8,1.0,12.3,1.4,15.2,1.3,8.3,0.6,7.5,0.8,9.0,0.9,5.1,0.5,4.8,0.5,5.5,0.6,40882,387,47650,1251,34218,1389,20584,623,23901,1267,15632,550,29481,1825,32074,1124,24185,1757,38278,1472,45724,1237,31701,752,60474,1250,72343,3190,48991,2959,81437,1264,101277,978,67064,2793,8.7,(X),(X),(X),(X),(X)
0500000US06061,06061,"Placer County, California",29302,447,15574,388,13728,263,11.7,3.3,15.9,5.8,6.9,3.5,28.7,5.1,31.9,8.0,25.1,6.2,49.4,5.1,46.9,7.6,52.1,7.0,10.3,2.8,5.3,2.8,15.9,5.0,257176,660,122230,663,134946,513,2.2,0.5,2.3,0.8,2.1,0.5,3.6,0.7,4.3,1.2,3.1,0.6,18.2,1.3,19.1,1.9,17.4,1.6,27.7,1.5,26.1,2.1,29.1,1.9,11.8,1.0,10.1,1.5,13.3,1.3,24.8,1.2,25.1,1.7,24.6,1.5,11.7,0.9,12.9,1.3,10.5,1.2,94.1,0.8,93.4,1.3,94.8,0.8,36.5,1.2,38.0,1.9,35.1,1.6,40424,568,20239,504,20185,295,90.3,2.7,86.0,4.4,94.7,3.0,34.9,3.8,28.7,4.8,41.2,5.0,47141,839,22911,423,24230,495,93.8,1.9,94.1,2.6,93.5,2.3,44.1,3.4,42.1,4.5,45.9,4.6,102905,784,49112,481,53793,456,96.1,1.1,95.4,1.8,96.7,1.1,37.0,2.1,38.7,3.4,35.4,2.8,66706,548,29968,439,36738,363,93.7,1.2,94.4,1.7,93.1,1.6,31.4,2.4,40.1,3.8,24.3,2.8,20.3,6.2,18.5,7.4,22.5,8.5,7.5,2.1,6.6,2.8,8.4,2.6,8.5,1.8,8.1,3.1,8.9,2.2,4.4,1.0,3.9,1.4,4.8,1.2,49342,3118,58226,4794,40292,2344,25687,2834,30356,5868,14908,15083,33694,4944,40042,7262,27378,6041,41785,1916,53975,5390,35410,4610,71094,2732,81741,5427,57328,7758,80070,4975,86964,10480,68430,9125,9.4,(X),(X),(X),(X),(X)
0500000US06065,06065,"Riverside County, California",243990,436,125269,221,118721,408,14.3,1.3,16.2,1.7,12.2,1.7,37.4,1.7,41.4,2.3,33.2,2.4,43.6,1.6,38.9,2.2,48.6,2.4,4.7,0.7,3.4,0.9,6.0,1.0,1471627,434,720628,431,750999,500,9.2,0.4,8.8,0.5,9.6,0.5,10.1,0.4,11.0,0.6,9.3,0.6,26.5,0.6,27.2,1.0,25.8,0.8,25.8,0.7,24.7,0.8,27.0,0.8,7.6,0.4,7.1,0.5,8.0,0.5,13.2,0.5,13.3,0.6,13.2,0.6,7.5,0.3,7.9,0.5,7.1,0.4,80.6,0.6,80.2,0.8,81.1,0.7,20.7,0.6,21.2,0.8,20.3,0.6,313303,661,159081,551,154222,309,84.6,1.2,83.5,1.6,85.7,1.7,18.7,1.3,16.6,1.7,20.8,1.8,298472,811,147586,616,150886,634,78.3,1.4,76.6,2.0,80.0,1.6,18.7,1.3,16.2,1.6,21.2,1.8,552376,824,274153,552,278223,700,79.8,0.8,79.1,1.1,80.4,1.0,21.0,0.9,22.0,1.2,20.1,1.0,307476,397,139808,299,167668,341,80.4,1.1,82.0,1.5,79.0,1.3,24.2,1.2,30.4,1.8,19.1,1.3,24.5,1.6,22.0,2.1,27.0,1.8,15.1,1.4,12.9,1.7,17.2,1.6,11.2,1.0,9.0,1.0,13.0,1.4,6.2,0.8,6.0,1.0,6.3,1.0,32108,368,39885,1437,26214,821,20606,737,25080,1233,15017,1027,28777,1179,34296,2102,22198,836,35237,1245,43250,2845,28465,2099,50873,939,61714,2158,40559,3852,70984,1455,80827,4491,61136,2609,8.4,(X),(X),(X),(X),(X)
0500000US06067,06067,"Sacramento County, California",141887,552,72320,520,69567,228,14.0,1.9,16.4,2.3,11.5,2.5,29.8,2.3,34.2,3.3,25.3,2.6,49.7,2.7,44.1,2.9,55.6,3.9,6.5,1.1,5.3,1.3,7.7,1.6,979051,552,467778,519,511273,229,6.4,0.5,6.4,0.7,6.4,0.5,6.8,0.4,7.7,0.5,5.9,0.5,22.5,0.8,22.8,1.1,22.2,1.0,25.6,0.7,24.9,0.9,26.2,1.0,9.9,0.5,8.7,0.6,10.9,0.8,19.0,0.8,19.4,1.0,18.6,0.9,9.9,0.4,10.1,0.6,9.7,0.6,86.8,0.6,85.8,0.8,87.7,0.7,28.9,0.9,29.5,1.2,28.3,1.0,223515,840,111690,520,111825,605,90.4,1.0,88.1,1.6,92.7,1.2,28.8,2.0,25.9,2.4,31.6,2.6,193538,795,95131,344,98407,601,85.2,1.4,82.7,2.3,87.6,1.7,30.2,1.6,27.6,2.3,32.8,2.3,372727,920,179896,528,192831,564,87.3,0.7,87.0,1.1,87.6,1.0,28.6,1.1,30.2,1.6,27.2,1.4,189271,379,81061,378,108210,*****,83.1,1.4,83.7,1.7,82.6,1.6,28.2,1.5,35.1,2.2,23.0,1.7,32.5,2.6,29.3,3.6,35.7,2.8,19.1,1.6,17.1,2.2,20.9,1.8,12.9,1.1,11.4,1.5,14.2,1.5,6.7,1.0,7.1,1.4,6.2,1.0,36857,623,40851,738,32449,1451,19469,1377,22543,1765,13939,1370,27451,1834,31933,1504,23319,1603,35000,2189,39596,2430,30630,813,55532,4226,66206,2872,48064,2783,73863,3965,81948,4673,63804,5637,8.0,(X),(X),(X),(X),(X)
0500000US06071,06071,"San Bernardino County, California",239261,671,124768,531,114493,475,14.1,1.3,16.4,1.9,11.5,1.5,34.0,2.0,36.7,2.8,31.0,2.6,44.9,2.1,41.8,2.7,48.2,2.7,7.1,1.0,5.0,1.2,9.4,1.8,1298033,671,631774,624,666259,479,9.6,0.5,9.5,0.5,9.7,0.6,11.8,0.5,12.7,0.7,10.9,0.7,26.7,0.8,29.0,1.1,24.6,1.0,24.9,0.7,23.9,0.8,25.9,0.9,8.0,0.4,7.0,0.5,9.0,0.6,12.1,0.5,11.1,0.6,13.0,0.7,6.8,0.4,6.8,0.5,6.8,0.6,78.6,0.6,77.8,0.9,79.3,0.9,18.9,0.6,17.9,0.7,19.8,0.8,306971,957,155671,684,151300,706,83.7,1.5,82.2,1.9,85.3,1.9,19.0,1.2,15.1,1.5,23.0,1.8,273309,1101,134510,532,138799,903,76.6,1.4,75.0,1.8,78.2,2.2,18.8,1.5,15.6,1.8,21.8,2.0,499884,984,244221,650,255663,703,78.2,0.9,76.7,1.3,79.7,1.2,19.1,1.1,19.3,1.2,18.9,1.4,217869,148,97372,148,120497,2,74.7,1.5,77.6,1.9,72.4,1.7,18.4,1.2,22.0,1.7,15.5,1.5,29.9,2.3,25.6,2.7,34.1,2.6,18.3,1.5,15.4,1.6,21.5,2.1,12.3,1.1,9.5,1.3,14.6,1.4,6.7,1.1,6.6,1.3,6.9,1.4,32691,1293,38730,2132,27602,1433,21441,648,25567,1053,14439,1682,27752,1613,32268,2005,21437,779,35638,902,43823,3411,29924,1909,50083,2028,54929,3070,44872,4396,69077,3340,77648,4913,62349,4233,8.8,(X),(X),(X),(X),(X)
0500000US06073,06073,"San Diego County, California",364895,732,201166,428,163729,444,10.3,1.0,11.0,1.3,9.5,1.3,31.7,1.6,36.9,2.3,25.3,2.3,47.3,1.7,44.0,2.2,51.3,2.5,10.8,1.0,8.2,1.3,13.9,1.5,2169779,732,1066530,427,1103249,444,6.8,0.3,6.1,0.4,7.5,0.4,6.6,0.3,6.7,0.4,6.4,0.4,18.9,0.5,19.2,0.7,18.5,0.6,22.2,0.5,22.7,0.7,21.7,0.6,8.5,0.4,7.8,0.5,9.2,0.5,23.3,0.5,22.9,0.7,23.7,0.7,13.8,0.4,14.6,0.5,12.9,0.5,86.6,0.5,87.2,0.5,86.1,0.6,37.1,0.6,37.5,0.7,36.7,0.8,526628,1285,274902,867,251726,738,90.9,0.7,90.2,0.9,91.6,0.9,37.6,1.2,33.9,1.6,41.7,1.4,429612,1062,216322,800,213290,631,86.4,0.9,86.2,1.3,86.5,1.4,40.1,1.2,39.0,1.7,41.2,1.4,798907,952,392698,669,406209,637,85.9,0.7,86.4,0.8,85.4,0.9,36.7,0.8,37.5,0.9,35.9,1.2,414632,511,182608,330,232024,382,82.9,1.0,85.5,1.2,80.8,1.3,34.1,1.3,41.5,1.7,28.3,1.7,25.9,1.7,23.0,2.0,28.4,2.3,15.3,1.2,13.8,1.4,16.7,1.6,11.5,0.7,9.6,0.9,13.3,1.0,5.4,0.5,5.1,0.6,5.7,0.6,40481,471,46480,766,33416,1364,20280,672,23719,1171,15481,914,29789,1076,33387,1725,22807,1314,36736,821,42028,808,30733,820,52326,1878,65008,2577,45002,4153,75806,2462,95479,5491,61688,1260,8.0,(X),(X),(X),(X),(X)
0500000US06075,06075,"San Francisco County, California",66128,922,31883,432,34245,746,6.4,1.7,8.5,2.9,4.4,1.8,18.1,2.5,17.9,3.6,18.3,3.5,45.8,3.2,46.7,5.1,44.9,4.1,29.7,2.8,26.9,3.6,32.4,4.2,671896,890,344025,960,327871,775,7.5,0.5,6.1,0.6,9.0,0.7,4.4,0.5,4.7,0.7,4.2,0.6,12.7,0.7,13.4,1.1,12.0,0.9,15.1,0.7,16.0,1.0,14.2,0.9,6.0,0.5,5.4,0.6,6.6,0.7,32.9,1.1,33.1,1.5,32.6,1.4,21.4,0.9,21.3,1.2,21.4,1.1,88.1,0.7,89.2,0.8,86.8,0.9,54.2,1.0,54.4,1.4,54.0,1.3,192923,494,99656,288,93267,376,96.6,0.8,96.3,1.1,97.0,1.0,70.7,2.1,68.1,2.8,73.6,2.9,136412,525,72870,534,63542,422,92.2,1.5,91.9,2.1,92.6,1.8,63.1,2.1,61.4,2.8,65.1,2.7,219655,950,116732,763,102923,517,86.2,1.3,87.6,1.5,84.6,1.8,45.2,1.5,45.1,2.1,45.4,2.2,122906,396,54767,312,68139,314,73.3,2.1,76.2,2.7,71.0,2.6,34.6,2.1,40.2,3.3,30.0,2.3,22.8,3.2,22.1,3.8,23.4,4.3,15.8,2.5,15.1,3.0,16.8,3.2,12.8,1.8,12.8,2.5,12.8,2.3,5.5,0.6,5.3,0.8,5.8,0.9,52017,937,59604,3824,47733,2518,21521,1412,23617,2184,16974,3491,24641,2761,25060,3522,23744,4180,36038,1335,39891,4117,32400,2199,68439,2990,76168,4753,61145,1411,85591,3643,100190,2945,72044,3939,9.3,(X),(X),(X),(X),(X)
0500000US06077,06077,"San Joaquin County, California",73538,435,38055,351,35483,257,17.0,2.4,18.1,3.3,15.8,3.2,30.3,3.0,33.0,4.9,27.3,4.0,46.6,3.5,43.0,4.7,50.4,5.1,6.2,1.5,5.9,2.2,6.5,2.2,443036,435,216176,376,226860,242,12.0,0.9,11.8,1.0,12.1,1.1,10.4,0.8,11.6,1.2,9.4,0.9,28.0,1.1,29.8,1.5,26.2,1.4,22.8,0.9,22.2,1.4,23.3,1.3,8.5,0.7,7.3,0.8,9.7,1.1,12.2,0.9,11.1,1.1,13.3,1.1,6.1,0.5,6.2,0.7,6.0,0.7,77.6,1.1,76.6,1.3,78.5,1.3,18.3,1.1,17.3,1.3,19.3,1.2,96533,359,49129,252,47404,285,80.1,2.2,78.5,2.9,81.7,2.6,14.5,2.0,11.5,2.3,17.6,2.9,91938,634,45538,373,46400,443,78.3,2.4,77.6,3.1,79.0,2.8,20.4,2.2,17.9,3.1,22.9,3.1,170267,626,84267,276,86000,459,77.6,1.6,75.5,2.0,79.6,2.1,18.6,1.5,15.9,1.9,21.3,2.0,84298,223,37242,187,47056,76,74.0,1.9,75.6,2.9,72.7,2.3,19.8,2.1,27.2,2.7,14.0,2.5,30.1,2.9,27.6,3.3,32.6,3.9,16.8,1.9,15.0,2.2,18.7,2.7,12.9,1.5,11.0,2.1,14.5,2.0,6.9,1.7,6.0,2.2,7.5,2.1,33417,1957,38658,2123,26989,1574,20143,1470,23292,2018,12882,1638,29948,2483,35256,1897,21650,1630,35800,1190,47016,3486,27197,1919,52091,3986,63463,6717,49078,2430,70378,3052,85407,11417,65261,6603,8.1,(X),(X),(X),(X),(X)
0500000US06079,06079,"San Luis Obispo County, California",44600,1167,24946,872,19654,647,7.6,2.5,9.4,4.0,5.4,2.7,21.6,5.0,26.6,8.0,15.2,5.3,62.3,5.8,56.4,7.9,69.7,7.5,8.5,3.6,7.6,4.4,9.7,4.9,183546,1020,89857,1029,93689,847,4.5,0.9,5.9,1.2,3.1,0.9,6.3,0.9,6.7,1.4,5.9,1.2,18.8,1.5,19.2,1.9,18.4,2.0,26.2,2.0,25.6,1.9,26.8,3.2,10.4,1.3,8.8,1.5,11.9,2.1,20.3,1.5,20.6,1.9,20.0,2.2,13.5,1.3,13.2,1.7,13.9,1.9,89.3,1.2,87.4,1.7,91.1,1.4,33.9,1.8,33.8,2.3,34.0,2.6,32235,958,16754,609,15481,707,86.2,3.3,85.2,4.4,87.3,4.7,28.2,5.0,23.9,5.9,32.7,6.9,29525,904,15291,583,14234,633,85.6,4.1,80.3,6.0,91.3,3.8,28.5,4.6,22.4,5.6,35.1,6.9,72534,910,35036,638,37498,732,91.0,1.9,88.5,3.0,93.3,2.0,35.5,2.9,34.0,4.4,36.9,4.0,49252,661,22776,592,26476,335,90.9,2.1,91.9,3.2,89.9,3.0,38.4,3.4,48.2,4.6,29.9,4.3,23.4,6.3,23.2,7.3,23.8,7.8,11.6,3.8,13.0,5.7,10.4,3.9,8.7,2.1,7.1,2.3,10.1,3.0,4.9,1.5,4.5,2.0,5.2,1.9,37448,1960,48941,4008,30693,1637,22229,3049,25308,3163,15644,2324,28825,3996,34847,9729,25871,5111,35615,2743,51425,5073,26097,2758,52823,4234,60114,7844,40256,11981,60494,7155,80374,9113,51686,5040,8.9,(X),(X),(X),(X),(X)
0500000US06081,06081,"San Mateo County, California",56902,932,29777,662,27125,549,10.9,2.3,12.9,3.7,8.8,3.1,25.6,3.2,25.2,4.6,26.0,4.2,45.1,3.8,46.1,5.1,44.0,4.9,18.4,3.0,15.8,3.4,21.2,3.9,539026,923,260750,623,278276,621,6.6,0.8,6.5,0.8,6.7,1.0,5.3,0.6,5.9,0.8,4.7,0.7,15.5,0.9,15.8,1.4,15.1,1.0,17.9,0.9,17.9,1.3,18.0,1.3,7.1,0.6,6.3,0.8,7.9,0.7,28.6,1.0,26.6,1.4,30.5,1.3,19.0,0.9,21.0,1.2,17.1,1.1,88.1,0.7,87.6,0.9,88.6,1.0,47.5,1.2,47.5,1.5,47.5,1.4,107650,1369,55011,710,52639,980,89.3,1.8,86.6,2.6,92.0,2.2,49.5,2.9,45.2,3.5,53.9,3.7,111465,1183,55851,773,55614,696,87.6,1.7,86.7,2.2,88.4,2.2,55.7,2.3,51.3,3.4,60.1,3.1,208572,1077,101521,756,107051,684,89.5,1.2,88.9,1.6,90.1,1.5,46.6,1.9,47.7,2.4,45.5,2.2,111339,454,48367,298,62972,312,84.9,1.4,86.9,1.8,83.3,1.9,39.3,2.2,45.5,3.0,34.6,2.6,17.1,3.1,13.6,3.9,20.8,3.9,9.5,2.0,9.0,2.5,10.1,2.5,6.1,1.2,5.2,1.4,6.9,1.9,3.0,0.4,3.3,0.8,2.8,0.6,51097,724,57000,3163,46239,1755,22940,2529,27332,4099,16929,1997,32036,1058,35775,3515,27779,5740,42605,2984,47251,3182,40039,2093,65084,5236,79389,7931,56259,3905,101570,1339,121067,2377,83197,4422,9.0,(X),(X),(X),(X),(X)
0500000US06083,06083,"Santa Barbara County, California",69843,682,35320,408,34523,571,9.7,2.0,12.5,3.0,6.9,2.3,17.8,2.7,19.0,3.4,16.7,3.6,64.3,3.4,60.6,4.9,68.1,4.9,8.1,2.1,7.9,3.0,8.4,2.8,272070,716,134423,714,137647,527,12.3,1.2,12.4,1.4,12.3,1.4,7.1,0.9,8.5,1.4,5.8,1.1,18.6,1.4,18.8,1.8,18.5,1.7,22.6,1.3,21.4,1.5,23.8,1.7,7.3,0.7,6.8,0.9,7.8,1.1,19.7,1.1,19.5,1.7,19.8,1.3,12.3,0.8,12.6,1.2,12.0,1.1,80.6,1.4,79.2,1.7,81.9,1.6,32.0,1.3,32.2,1.8,31.8,1.5,59044,719,31723,684,27321,493,79.7,2.8,78.4,3.8,81.1,3.8,29.9,3.3,26.6,3.9,33.8,4.4,49894,733,25711,613,24183,300,74.6,3.3,70.6,4.0,78.8,4.0,29.2,2.7,27.4,3.8,31.2,3.2,101727,856,50023,638,51704,543,80.7,2.1,80.2,2.7,81.1,2.8,31.8,2.3,32.8,3.2,30.7,3.0,61405,373,26966,212,34439,311,86.1,1.8,86.3,2.7,86.0,2.3,36.6,2.5,42.0,4.1,32.4,3.0,21.9,4.1,17.3,4.4,26.8,5.2,14.0,2.9,11.6,3.6,16.2,4.0,9.7,1.8,7.6,1.9,11.4,2.8,4.8,1.3,4.1,1.8,5.5,2.0,34633,2539,38757,3219,28094,3133,21002,842,24517,3265,16127,1929,27804,2274,31702,3805,23811,3292,36199,3321,44182,5120,28765,4326,50748,1522,61436,10641,44108,5855,62045,8814,76275,7622,53772,6732,9.7,(X),(X),(X),(X),(X)
0500000US06085,06085,"Santa Clara County, California",165941,1023,86868,978,79073,239,9.3,1.2,10.5,2.0,8.1,1.3,24.6,2.0,26.2,2.7,22.8,2.8,47.7,2.1,44.9,2.9,50.8,3.1,18.4,1.7,18.4,2.7,18.3,2.2,1290951,475,641701,535,649250,453,7.0,0.5,6.1,0.5,7.8,0.5,5.6,0.4,5.6,0.4,5.6,0.4,15.5,0.6,15.2,0.7,15.9,0.8,16.2,0.6,15.8,0.7,16.6,0.8,7.3,0.4,6.1,0.5,8.5,0.6,26.1,0.6,26.0,0.9,26.1,0.9,22.3,0.6,25.1,0.8,19.5,0.7,87.4,0.6,88.2,0.6,86.6,0.7,48.4,0.7,51.1,0.9,45.6,0.9,287030,690,150069,548,136961,646,90.0,1.2,89.2,1.6,90.9,1.3,54.8,1.4,54.7,1.9,55.0,1.9,284115,832,144209,416,139906,616,88.8,1.1,88.7,1.4,89.0,1.4,54.1,1.4,54.7,1.6,53.5,2.1,488331,851,245104,630,243227,638,87.9,0.8,88.7,1.0,87.2,1.0,45.8,1.2,48.0,1.5,43.7,1.6,231475,452,102319,98,129156,438,81.2,1.5,85.0,2.0,78.3,1.6,38.6,1.4,48.3,2.5,30.9,1.5,18.8,2.2,16.2,2.8,21.1,2.6,11.8,1.2,9.3,1.3,14.2,2.0,7.4,0.8,6.4,1.0,8.3,1.0,3.2,0.5,3.2,0.7,3.3,0.5,52222,967,66970,2304,41476,1050,23416,1584,28920,2343,17559,1233,31349,995,35831,1376,24215,2299,41315,895,48188,3640,35395,1975,76177,2064,91288,1933,60848,2074,102352,3018,123947,4322,80054,3775,8.8,(X),(X),(X),(X),(X)
0500000US06087,06087,"Santa Cruz County, California",41656,935,20905,688,20751,486,10.9,3.0,12.1,4.3,9.7,4.6,20.4,4.8,28.2,7.5,12.5,4.8,58.7,5.4,48.5,7.7,68.9,8.6,10.1,3.4,11.3,5.3,8.8,4.0,175924,851,86315,682,89609,592,9.7,1.2,9.0,1.6,10.3,1.3,3.8,0.8,5.2,1.2,2.5,0.7,16.8,1.8,16.4,2.4,17.2,2.1,21.0,1.6,22.9,2.3,19.2,1.9,9.2,1.2,7.7,1.6,10.6,1.6,24.4,1.6,23.6,2.1,25.2,2.3,15.1,1.4,15.2,1.9,15.0,1.8,86.5,1.4,85.8,1.8,87.2,1.6,39.5,1.9,38.8,2.4,40.2,2.4,33222,1008,17368,715,15854,584,85.4,3.8,84.6,5.0,86.2,5.0,34.0,4.6,33.5,5.5,34.6,6.0,32035,590,16425,389,15610,379,83.6,3.5,83.1,4.0,84.0,4.3,38.2,4.4,34.0,6.3,42.6,5.2,74400,776,36227,638,38173,451,86.9,1.8,85.7,2.7,88.0,2.2,39.0,2.9,36.7,3.7,41.2,3.6,36267,391,16295,358,19972,193,89.5,2.1,90.0,3.5,89.1,2.7,46.8,3.4,53.8,5.3,41.0,4.3,22.4,5.0,15.7,5.7,29.5,6.4,18.0,4.6,17.9,5.8,18.1,6.5,9.0,1.9,6.2,2.5,11.8,3.2,7.2,1.8,6.7,2.3,7.7,2.6,36918,2182,42159,3613,30792,1998,21419,3659,25512,5115,15368,5818,25481,1897,27213,5152,21346,4017,36919,4049,41818,5224,29584,3954,56845,5817,71575,4932,43664,11843,62151,12675,91483,15071,42449,11467,6.9,(X),(X),(X),(X),(X)
0500000US06089,06089,"Shasta County, California",15000,823,7361,622,7639,469,10.2,3.9,17.1,7.0,3.6,3.1,25.1,5.0,27.5,7.0,22.7,6.6,58.7,5.9,53.3,7.7,63.9,8.0,6.0,2.9,2.1,2.0,9.8,5.2,125999,823,61190,709,64809,601,2.2,0.7,2.2,0.9,2.1,0.9,6.8,1.1,7.3,1.5,6.4,1.3,23.9,1.8,24.6,2.6,23.2,2.4,34.0,2.0,34.7,2.7,33.4,2.9,12.3,1.4,10.4,1.8,14.1,2.0,13.3,1.3,13.1,2.0,13.6,1.7,7.4,1.0,7.7,1.3,7.2,1.4,91.0,1.4,90.5,1.8,91.5,1.6,20.8,1.6,20.8,2.4,20.7,2.3,21841,909,11224,703,10617,577,91.6,3.8,91.8,5.2,91.4,4.8,17.3,4.5,15.8,5.8,19.0,5.2,18704,959,9392,753,9312,560,93.4,3.0,91.5,5.1,95.3,3.0,20.7,3.9,14.8,4.9,26.6,6.7,50789,1004,24803,750,25986,583,93.4,1.7,92.6,2.1,94.2,2.6,22.6,2.6,22.9,3.6,22.2,3.8,34665,377,15771,292,18894,281,85.8,2.6,85.8,3.9,85.9,3.6,20.4,3.2,24.8,4.7,16.7,3.7,29.9,6.9,30.0,10.0,29.9,8.8,16.3,3.6,16.9,5.2,15.7,4.5,10.0,1.9,9.0,2.3,10.9,2.6,7.3,2.8,5.9,3.6,8.7,3.9,30799,898,38958,4271,25803,1968,18613,4296,19290,3382,7476,24059,26391,3305,30255,3157,23672,4983,30361,1490,39761,5680,24834,2509,41052,5028,49838,11179,32836,4315,55000,11182,69666,19197,41864,8155,6.9,(X),(X),(X),(X),(X)
0500000US06095,06095,"Solano County, California",42480,714,22558,399,19922,426,15.2,2.9,18.7,4.8,11.1,4.0,27.1,3.5,31.4,5.6,22.2,4.7,52.0,4.9,46.5,6.7,58.3,6.8,5.7,1.8,3.3,2.1,8.4,2.7,289822,688,140957,539,148865,795,6.5,0.8,6.6,1.0,6.3,1.1,6.5,0.8,7.0,1.3,6.0,1.0,22.1,1.3,23.0,1.9,21.2,1.5,30.6,1.6,31.2,1.8,30.0,2.0,9.4,0.9,8.3,1.2,10.5,1.4,17.9,1.1,16.6,1.5,19.2,1.5,7.0,0.7,7.2,0.9,6.8,1.0,87.0,1.1,86.3,1.6,87.7,1.3,24.9,1.3,23.8,1.6,26.0,1.7,61157,647,31243,182,29914,621,88.3,2.7,86.1,3.6,90.5,3.7,22.1,3.1,17.7,3.7,26.6,4.4,52945,434,26434,286,26511,361,84.9,2.6,83.0,4.5,86.7,3.4,23.9,3.5,22.6,4.4,25.3,4.3,117516,653,57395,524,60121,428,88.4,1.3,87.9,1.9,88.8,1.9,26.5,2.0,25.5,2.8,27.6,2.5,58204,241,25885,236,32319,193,85.0,2.0,86.5,2.2,83.9,2.9,25.5,2.8,28.7,3.6,23.0,3.4,20.4,5.1,20.2,6.9,20.6,5.9,16.4,2.9,14.1,3.8,18.7,3.8,8.3,1.5,6.1,1.7,10.3,2.3,3.2,0.9,2.5,1.1,3.8,1.3,41780,1084,47361,1983,35996,1766,21193,2413,27453,5546,15749,3392,35603,3751,41000,2532,24930,8757,40899,1511,50141,3848,33351,4415,60823,2552,61522,6616,60545,4220,73666,9263,88199,8646,62194,5651,7.5,(X),(X),(X),(X),(X)
0500000US06097,06097,"Sonoma County, California",44282,752,22832,589,21450,354,11.3,3.0,12.9,4.2,9.7,3.7,27.1,3.4,28.4,5.1,25.7,5.1,55.6,4.6,54.1,6.2,57.3,6.3,6.0,1.7,4.6,1.9,7.4,3.2,352785,754,169638,688,183147,561,6.5,0.8,7.1,1.0,5.9,0.9,5.9,0.8,7.5,1.1,4.5,0.8,19.4,1.1,19.6,1.7,19.2,1.3,23.8,1.3,23.6,1.8,24.0,1.7,9.5,0.8,8.6,1.0,10.4,1.2,22.7,1.3,21.1,1.6,24.2,1.7,12.1,0.9,12.5,1.1,11.8,1.1,87.6,1.1,85.4,1.3,89.6,1.1,34.8,1.5,33.5,1.8,36.1,2.0,67002,1266,33969,923,33033,663,88.9,2.2,83.0,3.6,95.0,2.0,29.4,3.3,19.7,4.0,39.4,4.4,59895,869,29964,643,29931,562,81.3,2.9,81.2,3.5,81.4,3.4,30.5,3.3,29.1,3.9,31.9,4.7,143352,714,69317,701,74035,477,87.6,1.3,85.2,2.1,89.8,1.4,37.3,2.2,36.4,2.5,38.1,3.1,82536,428,36388,367,46148,216,91.1,1.5,91.4,2.0,90.9,2.0,38.2,2.8,44.7,3.3,33.0,3.8,18.5,4.3,14.7,4.6,23.5,5.4,10.7,1.9,10.0,2.7,11.4,2.8,10.3,1.7,9.4,2.5,11.2,2.3,6.7,1.3,5.6,1.3,7.5,2.0,38587,2009,45012,3587,31893,1008,22318,4885,28421,4909,16911,1757,30086,2753,36740,2652,22478,2502,39420,2538,48389,5389,32191,2764,50737,3514,59730,4408,40169,6065,65867,3421,74634,11748,60208,8715,9.0,(X),(X),(X),(X),(X)
0500000US06099,06099,"Stanislaus County, California",54221,620,27862,544,26359,390,10.9,2.3,10.8,3.2,11.0,3.6,37.6,3.8,39.5,5.3,35.6,5.6,47.8,4.1,45.8,5.6,49.8,6.4,3.8,1.2,3.8,2.1,3.7,1.4,332346,620,161039,660,171307,497,12.3,1.0,12.7,1.4,11.9,1.1,9.3,0.7,9.7,1.2,8.9,0.9,27.3,1.5,29.4,2.1,25.4,1.6,26.0,1.3,24.0,1.9,28.0,1.7,8.0,0.7,7.0,0.9,9.0,1.1,11.4,0.9,11.0,1.2,11.8,1.3,5.6,0.7,6.2,1.0,5.0,0.8,78.4,1.2,77.5,1.7,79.2,1.2,17.0,1.1,17.2,1.4,16.9,1.5,74165,878,37352,735,36813,415,82.9,2.5,79.0,4.1,86.8,2.9,14.0,2.4,11.8,3.0,16.1,3.2,68110,1254,34395,810,33715,777,81.9,2.8,80.1,3.6,83.8,2.9,18.5,2.9,18.3,3.9,18.7,3.7,125623,1164,60800,943,64823,523,76.6,1.7,76.4,2.4,76.8,2.0,17.1,1.8,16.3,2.2,17.9,2.4,64448,727,28492,435,35956,513,72.9,2.5,74.9,3.6,71.4,2.7,18.8,2.3,24.6,3.6,14.2,2.5,24.0,3.0,21.1,3.7,26.9,4.2,16.3,2.9,13.8,3.2,19.0,3.7,11.0,1.9,9.1,2.3,12.5,2.6,6.8,1.7,6.8,2.5,6.7,2.1,31796,921,37265,3863,26188,1241,20636,1324,25082,2468,12295,1879,27949,3236,35893,3122,21258,1936,35624,1518,44339,3441,30181,2616,45675,5326,57522,11228,41684,2698,73564,4295,77430,10632,64767,12819,6.6,(X),(X),(X),(X),(X)
0500000US06101,06101,"Sutter County, California",9230,688,4998,574,4232,389,16.8,8.2,14.8,11.9,19.1,8.5,26.8,7.3,23.6,8.7,30.5,12.3,54.8,10.7,61.2,15.8,47.2,11.5,1.6,2.0,0.4,0.5,3.1,4.3,61679,677,29851,649,31828,560,10.9,1.7,10.9,2.6,11.0,2.3,10.2,1.9,11.7,2.8,8.8,2.1,26.8,2.9,28.6,4.0,25.1,3.9,22.9,3.3,20.1,3.8,25.5,4.2,11.2,2.0,11.5,2.6,10.8,2.7,11.3,2.0,9.5,2.3,13.0,2.7,6.7,1.2,7.7,1.8,5.7,1.7,78.8,2.4,77.4,3.5,80.2,3.0,18.0,2.0,17.2,2.7,18.8,2.8,13094,704,6463,514,6631,495,87.4,4.0,81.1,6.5,93.5,3.8,12.4,4.2,8.3,5.1,16.3,6.7,12066,839,6246,678,5820,386,75.0,6.0,76.0,9.9,73.8,7.5,20.6,5.8,17.6,6.8,23.8,8.1,22469,940,10920,657,11549,596,80.7,4.0,79.7,4.7,81.6,4.9,19.8,4.0,19.0,5.1,20.6,4.9,14050,476,6222,156,7828,437,71.3,5.0,70.9,6.6,71.6,6.6,18.1,4.5,22.7,7.0,14.4,4.1,16.9,6.2,13.7,6.6,20.3,8.6,13.5,4.8,14.8,5.7,12.1,6.3,7.1,3.4,6.6,4.8,7.5,3.5,2.8,2.1,4.0,3.4,1.8,2.2,32686,3801,37043,4812,30264,5994,23289,3416,23470,2509,22091,12290,31638,6777,36451,6605,22761,6094,35088,5924,40605,4956,31089,3040,46888,4843,61087,14452,40472,24709,64389,13517,66270,20633,62585,22144,6.2,(X),(X),(X),(X),(X)
0500000US06107,06107,"Tulare County, California",49265,735,25322,418,23943,541,22.3,3.6,24.7,5.2,19.7,4.0,33.2,3.4,35.8,5.4,30.4,4.4,42.2,4.3,36.9,6.0,47.8,5.6,2.3,1.4,2.6,2.0,2.1,1.7,264157,734,129956,484,134201,632,21.7,1.3,23.6,1.8,19.9,1.8,10.0,1.1,10.0,1.6,10.0,1.2,26.8,1.6,29.0,2.4,24.7,1.9,21.6,1.6,19.6,2.0,23.6,1.7,7.5,0.8,6.2,1.2,8.7,1.1,8.4,0.9,7.6,1.1,9.3,1.4,3.9,0.6,3.9,0.7,3.9,0.9,68.3,1.6,66.4,2.1,70.2,2.2,12.3,1.1,11.5,1.3,13.1,1.5,63753,545,32301,162,31452,498,72.5,3.9,66.5,4.8,78.6,4.6,8.5,2.0,5.2,1.7,12.0,3.2,56637,799,28892,519,27745,480,67.0,3.5,67.4,4.7,66.5,4.9,12.7,2.9,10.5,3.2,15.0,4.2,96431,882,47369,650,49062,643,67.7,2.3,65.9,3.5,69.4,3.4,13.6,1.8,12.9,2.2,14.3,2.4,47336,293,21394,192,25942,227,65.6,3.0,65.9,4.4,65.3,3.7,14.4,2.4,19.1,3.6,10.5,2.4,38.5,3.8,34.5,4.7,42.8,4.1,20.4,3.4,20.7,4.0,20.0,4.1,15.9,3.0,10.8,3.7,19.9,4.0,4.3,1.8,2.3,1.5,6.0,2.8,26171,1031,29391,1424,22133,1300,15229,1690,17311,1802,10906,978,25258,1874,27712,2788,21578,2723,31663,1607,42902,4439,25516,1869,50715,4752,63054,12747,42982,8066,68620,9256,85336,19043,61095,16901,10.5,(X),(X),(X),(X),(X)
0500000US06111,06111,"Ventura County, California",84124,478,43246,218,40878,403,12.2,2.4,14.5,3.3,9.8,2.3,28.3,3.2,31.8,4.6,24.5,4.0,52.5,3.8,48.4,5.2,56.8,4.0,7.0,1.5,5.3,1.9,8.9,2.4,557479,434,271248,183,286231,400,10.1,0.7,10.3,0.8,9.8,0.9,6.4,0.5,7.8,0.8,5.0,0.6,19.4,1.0,19.0,1.3,19.8,1.3,23.1,0.9,21.9,1.4,24.1,1.1,9.5,0.6,8.9,0.9,10.0,0.9,19.9,0.8,19.2,1.1,20.5,1.0,11.8,0.6,12.8,0.9,10.8,0.8,83.6,0.8,81.9,0.9,85.2,0.9,31.6,1.0,32.0,1.3,31.2,1.3,110242,740,56785,248,53457,620,85.5,2.1,82.6,2.9,88.6,2.4,27.9,2.6,22.7,2.7,33.3,3.7,107645,795,53410,413,54235,639,80.1,2.0,77.8,3.0,82.4,2.2,31.7,1.8,30.7,2.3,32.6,2.7,224638,862,109744,580,114894,557,84.3,1.0,83.0,1.3,85.5,1.2,34.0,1.4,33.8,1.9,34.2,1.8,114954,337,51309,249,63645,191,83.5,1.7,82.8,2.3,84.1,1.8,30.7,2.0,40.1,2.5,23.1,2.5,21.8,3.2,18.9,3.4,25.2,4.3,11.5,1.7,10.8,2.6,12.2,2.3,7.5,1.1,5.6,1.5,9.1,1.5,3.5,0.8,3.0,1.1,4.0,1.1,38364,1986,46217,1180,31243,824,18507,2081,21854,1060,14538,2390,28846,3038,31712,1535,23610,2794,38740,2909,50686,1594,30354,1254,62392,4116,76723,5859,50757,2052,80213,2740,94918,7371,65362,5512,7.3,(X),(X),(X),(X),(X)
0500000US06113,06113,"Yolo County, California",39463,606,18528,375,20935,488,6.1,2.3,6.5,3.1,5.7,3.0,25.2,3.9,22.4,5.1,27.8,5.1,54.2,4.8,56.8,6.5,51.9,6.9,14.5,3.7,14.2,5.0,14.7,4.4,123078,544,59592,479,63486,506,8.2,1.4,9.2,1.9,7.3,1.7,4.8,1.0,5.2,1.5,4.4,1.2,21.0,2.0,21.5,2.8,20.5,2.4,18.6,1.9,17.5,2.6,19.7,2.1,7.5,1.1,6.8,1.6,8.2,1.6,19.1,1.8,17.7,2.5,20.5,2.1,20.7,1.9,22.1,2.5,19.4,2.1,87.0,1.7,85.6,2.2,88.2,1.9,39.8,2.5,39.8,3.2,39.8,2.6,29184,618,14904,566,14280,537,90.9,2.9,86.0,4.8,96.0,2.8,39.7,4.7,35.2,6.6,44.4,5.6,23832,405,11705,222,12127,337,88.7,3.2,88.6,4.2,88.8,4.9,42.5,5.1,38.9,5.9,46.0,6.3,46280,419,22392,362,23888,273,86.7,2.7,84.9,4.0,88.4,3.1,43.3,3.7,45.4,5.0,41.3,4.3,23782,246,10591,151,13191,191,81.0,3.5,83.4,4.5,79.1,4.4,30.6,4.0,35.7,6.2,26.6,4.1,28.9,6.9,29.3,9.3,28.5,8.5,19.7,5.4,18.1,6.3,21.3,7.3,12.2,3.2,10.8,4.0,13.3,4.1,6.4,1.9,6.0,3.0,6.8,2.2,38543,3497,42495,6800,32353,3629,20964,2993,23224,3618,11407,3602,27116,4154,35238,6223,18514,2226,36676,5275,47082,8606,31372,3758,46188,4180,63278,13115,38679,6511,67254,8022,71986,13137,57545,11253,9.6,(X),(X),(X),(X),(X)
0500000US06115,06115,"Yuba County, California",7831,1014,3504,541,4327,730,17.4,8.9,14.3,10.1,19.8,12.8,33.0,10.2,36.7,16.0,30.0,10.8,43.4,14.8,46.0,19.4,41.3,16.0,6.2,4.7,3.0,5.6,8.9,7.2,45541,1013,22786,696,22755,728,9.5,2.5,8.2,3.0,10.7,2.9,10.9,2.7,12.1,3.9,9.7,3.1,25.1,3.2,27.0,4.6,23.2,4.4,29.0,3.4,27.0,4.6,30.9,5.0,10.6,2.5,11.3,3.6,9.8,2.8,10.0,2.6,8.5,2.8,11.4,3.6,5.0,1.5,5.7,2.4,4.3,1.8,79.6,3.3,79.7,4.6,79.6,4.0,15.0,3.1,14.2,3.4,15.7,3.9,11059,1036,6003,648,5056,725,80.1,5.9,80.1,7.8,80.2,10.5,7.7,4.7,6.2,4.9,9.5,6.8,8741,848,4592,562,4149,518,77.9,9.3,79.1,10.5,76.5,11.5,17.0,6.9,14.7,7.8,19.7,9.1,17083,942,8305,639,8778,555,79.4,4.7,78.0,6.2,80.8,6.1,14.3,4.9,13.4,5.7,15.2,6.8,8658,566,3886,379,4772,378,81.1,6.1,83.3,9.9,79.4,8.3,23.3,7.7,28.0,12.2,19.6,7.7,28.1,9.5,21.8,10.8,34.2,11.2,24.0,7.2,20.3,8.7,28.2,10.0,15.4,4.4,8.2,4.4,22.2,7.0,7.3,4.1,11.6,7.1,3.4,3.9,25507,2645,31816,7339,20288,4515,17638,8756,21792,4806,5838,1284,22445,5092,24254,10990,21358,5960,30460,5319,36444,6593,20026,7035,39409,10569,41295,16499,27020,22821,50026,12155,51105,40950,47158,17855,5.5,(X),(X),(X),(X),(X)
